>,nrow,_,sample (after trimgalore and rcorrector),Sequence,Count,Percentage,Possible Source,ncbi rna
>,1,_,SRR11096622_1_val_1,AAAGTGGGTGGTAAGCTCCATCTAAGGCTAAATACCTAGTGCGAGACCGA,35192,0.17451774175272008,No Hit,lsu rna bryozoa
>,2,_,SRR11096622_1_val_1,ACGAGTAGGAGGGCGTGTCGGTGGCGCTGAAGCGTAGTGCGCGAGCACGC,170660,0.8463059163309617,No Hit,lsu rna bryozoa
>,3,_,SRR11096622_1_val_1,AGGACGTGTAAAGAGGAAAAAGATGAGAAGAGCAGCTGGTGGTGATGGCG,35767,0.17736917678078937,No Hit,ribosomal protein RPS9 mRNA Bryozoa
>,4,_,SRR11096622_1_val_1,AGGGAGGCAGTGTGATTTTCACTCCAGGCCGTACCCGAATCCGCAGCAGG,31741,0.1574041725668643,No Hit,lsu rna bryozoa
>,5,_,SRR11096622_1_val_1,ATGAAATTAAAAAATTTAACTTTGAACAAAGACTCCAAAACATGATTAAT,22488,0.11151838419342945,No Hit,-
>,6,_,SRR11096622_1_val_1,CAACTCTGAGCGGTGGATCACTCGGCTCGCACGTCGATGAAGAGCGCAGC,30605,0.15177072875488742,No Hit,-
>,7,_,SRR11096622_1_val_1,CACGACCTCAGATCGGACGCGACTACCCGCTGAACTTAAGCATATCAGTA,336213,1.6672861305952285,No Hit,-
>,8,_,SRR11096622_1_val_1,CATGCAACAAGGCTCCGACCCTGCCTTCTGGCGGGGGAAGGGCGCACTTA,33350,0.16538323162801816,No Hit,ssu rna bryozoa
>,9,_,SRR11096622_1_val_1,CCCGATGCGATCGAAAGGGAATCGGGTTAATATTCCCGAACCTGGTGGTG,21363,0.1059394895732939,No Hit,lsu rna bryozoa
>,10,_,SRR11096622_1_val_1,CCGATGCGATCGAAAGGGAATCGGGTTAATATTCCCGAACCTGGTGGTGG,24672,0.12234887828265259,No Hit,lsu rna bryozoa
>,11,_,SRR11096622_1_val_1,CCGTGGCCTGCCGTTCATCGCGGAGTCGGGTTGCTTGAGAGTGCAGCCCA,30273,0.15012433496476743,No Hit,28s rna bryozoa
>,12,_,SRR11096622_1_val_1,CGAGTAATTGCCGCCGATCGCACGGCCACAGCGCCGGCGACGCCTGCACT,29267,0.14513556342000622,No Hit,ssu rna bryozoa
>,13,_,SRR11096622_1_val_1,CGCGTCGGTAGGACTGGACGCGCCTCGCGCGTTCGGACCGCCGCCGGCGT,22964,0.1138788764949268,No Hit,-
>,14,_,SRR11096622_1_val_1,CTAAATACCTAGTGCGAGACCGATAGCAAACAAGTACCGTGAGGGAAAGT,51182,0.2538124306202466,No Hit,lsu rna bryozoa
>,15,_,SRR11096622_1_val_1,CTGCCGTTCATCGCGGAGTCGGGTTGCTTGAGAGTGCAGCCCAAAGTGGG,53260,0.264117268860817,No Hit,28s rna bryozoa
>,16,_,SRR11096622_1_val_1,TAGTGCGAGACCGATAGCAAACAAGTACCGTGAGGGAAAGTTGCAAAGAA,26063,0.12924687154186018,No Hit,lsu rna bryozoa
>,17,_,SRR11096622_1_val_1,TCAGATCGGACGCGACTACCCGCTGAACTTAAGCATATCAGTAAGCGGAG,79747,0.39546676379728823,No Hit,lsu rna bryozoa
>,18,_,SRR11096622_1_val_1,TCCGTGGGCGGCCGTGGCTTTCGCCGGCGTCGGCTCTCGGGTCGGCGTCG,29249,0.14504630110608405,No Hit,lsu rna bryozoa
>,19,_,SRR11096622_1_val_1,TGACCGTAAACGATGCCGACTGGCAATTGGGCGCACTTCTGTCGAAGTTGCCGCCAGCAGTATTGCCC,37133,0.18414319460399395,No Hit,ssu rna bryozoa
>,20,_,SRR11096622_1_val_1,TGGCGTTGACGGATAACAGAGAATCTGGGTTCGATTCTGGAGAGGCCGCA,133516,0.6621081725351265,No Hit,ssu rna bryozoa
>,21,_,SRR11096622_2_val_2,ACAAAGTTCTCATTTGTATACTTGCTACTACCACCAAGATCTGCACTGAA,128533,0.6373973886310063,No Hit,lsu rna bryozoa
>,22,_,SRR11096622_2_val_2,ACAATGTTACAATTAGGCGAAGACAATTAATCAGAGTCTTCATCGTCTCC,24705,0.12251252585817657,No Hit,-
>,23,_,SRR11096622_2_val_2,AGTGCACCGTCTCCCCGGAGGAAGGCGGCTGAATGGCGGCGACGAACTCG,39880,0.19776561551200492,No Hit,-
>,24,_,SRR11096622_2_val_2,CCCAGAGTCCGTGCCAGTTCTGTGCTGTGCGTTTAGGCCGAACGAAGCCG,35045,0.17378876618902236,No Hit,lsu rna bryozoa
>,25,_,SRR11096622_2_val_2,CCGTTTGCCTCTGAACGGTTTCACGTACTCTTGAACTCTCTTTTCAAAGT,29168,0.14464462069343428,No Hit,lsu rna bryozoa
>,26,_,SRR11096622_2_val_2,CCTGATGACAGTAAAACTACAGTGTTTAAAAGAGGAATACCTCAAGGAGA,24509,0.12154055843991295,No Hit,lsu rna bryozoa
>,27,_,SRR11096622_2_val_2,CGCACGCCGGCGGCGGTCCGAACGCGCGAGGCGCGTCCAGTCCTACCGAC,25658,0.1272384694786114,No Hit,lsu rna bryozoa
>,28,_,SRR11096622_2_val_2,CGGGGCCTGGCATTTCGCACGCATTGCCCCGACGGTGCGGTATGGGTCGC,24532,0.12165461584103573,No Hit,lsu rna bryozoa
>,29,_,SRR11096622_2_val_2,CGGTCCGCTTCTTGCCGCGACCCGAAGCAGCCCGCACCTCAGAGCCAATC,59874,0.2969162102097739,No Hit,lsu rna bryozoa
>,30,_,SRR11096622_2_val_2,CGGTTTTTCAAGGGCCAACGCCGATGCACCGGACGCCGCGTGAGGCGCGA,35451,0.17580212726971128,No Hit,lsu rna bryozoa
>,31,_,SRR11096622_2_val_2,CGTCGACAGCATGATAGATCAGAAACTCAGTGCAGGCGTCGCCGGCGCTG,80986,0.40161098640559756,No Hit,ssu rna bryozoa
>,32,_,SRR11096622_2_val_2,CGTCGCGGCAAGCCGCCACCGAAACGCCACATTGCACTGCGACCGGAGGC,248888,1.234239932636707,No Hit,28S rna bryozoa
>,33,_,SRR11096622_2_val_2,CTTAGGGCCGACTGACCCATGTCCAACTGCTGTTCACATGGAACCCTTCT,77942,0.38651573731787076,No Hit,lsu rna bryozoa
>,34,_,SRR11096622_2_val_2,GAACGGTTTCACGTACTCTTGAACTCTCTTTTCAAAGTTCTTTGCAACTT,24602,0.12200174706184415,No Hit,lsu rna bryozoa
>,35,_,SRR11096622_2_val_2,GACGACCCTCAGACGGGCGCGGCCCCGGGATGACCCGGGGCCACAATGTG,76926,0.38147737559870837,No Hit,18s rna fresh bryozoa
>,36,_,SRR11096622_2_val_2,GCAAGCCGCCACCGAAACGCCACATTGCACTGCGACCGGAGGCCGCGGGC,89125,0.44197242935073816,No Hit,28S rna bryozoa
>,37,_,SRR11096622_2_val_2,GGAAGAGCCGACATCGAAGGATCAAAAAGCAACGTCGCTATGAACGCTTG,47941,0.23774025509681615,No Hit,lsu rna bryozoa
>,38,_,SRR11096622_2_val_2,GGGCAATACTGCTGGCGGCAACTTCGACAGAAGTGCGCCCAATTGCCAGT,23972,0.11887756607456826,No Hit,ssu rna bryozoa
>,39,_,SRR11096622_2_val_2,GGGCAATACTGCTGGCGGCAACTTCGACAGAAGTGCGCCCAATTGCCAGTCGGCATCGTTTACGGTCA,37107,0.1840142601505508,No Hit,ssu rna bryozoa
>,40,_,SRR11096622_2_val_2,GGTATTGTTCGTCACTACCTCTCGGTGTCCGAAGTGGGTAATTTGCGTGC,85019,0.4216107037416035,No Hit,ssu rna bryozoa
>,41,_,SRR11096622_2_val_2,GGTCACCGAGAGACTCGATGCAGCGTTACAGCCCTCTGTATCACAAGAGC,24429,0.12114383704470331,No Hit,-
>,42,_,SRR11096622_2_val_2,TATTAGCACCGGAGTTACCGCACGTTATCCACGGGTGAGTCTGGCCCCAG,36253,0.17977925925668792,No Hit,ssu rna bryozoa
>,43,_,SRR11096622_2_val_2,TGAACGGTTTCACGTACTCTTGAACTCTCTTTTCAAAGTTCTTTGCAACT,27588,0.13680937313804392,No Hit,lsu rna bryozoa
>,44,_,SRR11096623_1_val_1,ACGAGTAGGAGGGCGTGTCGGTGGCGCTGAAGCGTAGTGCGCGAGCACGC,44391,0.4171970011739334,No Hit,lsu rna bryozoa
>,45,_,SRR11096623_1_val_1,ATGAAATTAAAAAATTTAACTTTGAACAAAGACTCCAAAACATGATTAAT,15545,0.14609554601718355,No Hit,-
>,46,_,SRR11096623_1_val_1,ATGATAAAACCAATTCGAAAAACCAATCCTATCGGACTATTATTAAACTC,10880,0.10225278486117445,No Hit,-
>,47,_,SRR11096623_1_val_1,CACATGAGCTCCCAAGATACGGTTTAAAGGTCGGGTTGACCAACTATGCC,13443,0.12634045835374708,No Hit,-
>,48,_,SRR11096623_1_val_1,CACGACCTCAGATCGGACGCGACTACCCGCTGAACTTAAGCATATCAGTA,104539,0.9824819739524189,No Hit,-
>,49,_,SRR11096623_1_val_1,CATGCAACAAGGCTCCGACCCTGCCTTCGGGCGGGGGAAGGGCGCACTTA,17204,0.16168721606173211,No Hit,ssu rna bryozoa
>,50,_,SRR11096623_1_val_1,CTAAATACCTAGTGCGAGACCGATAGCAAACAAGTACCGTGAGGGAAAGT,20033,0.188274819772418,No Hit,lsu rna bryozoa
>,51,_,SRR11096623_1_val_1,CTAGTCTCGGTCATAGTGGACCATCAGTTGATTTAGCAATTTTCTCCTTA,18277,0.17177152103930934,No Hit,COI bryozoa
>,52,_,SRR11096623_1_val_1,CTGCCGTTCATCGCGGAGTCGGGTTGCTTGAGAGTGCAGCCCAAAGTGGG,20540,0.19303972436107752,No Hit,28s rna bryozoa
>,53,_,SRR11096623_1_val_1,TATTCACCGGTCTAACTTTAAACACATACATTGCCAAAGCCCATTTCTAT,17252,0.16213833128906083,No Hit,COI bryozoa
>,54,_,SRR11096623_1_val_1,TATTGATTTCCCCTATTCACCGGTCTAACTTTAAACACATACATTGCCAA,12129,0.11399117900562361,No Hit,COI bryozoa
>,55,_,SRR11096623_1_val_1,TCAGATCGGACGCGACTACCCGCTGAACTTAAGCATATCAGTAAGCGGAG,19356,0.18191221542030264,No Hit,lsu rna bryozoa
>,56,_,SRR11096623_1_val_1,TGGCGTTGACGGATAACAGAGAATCTGGGTTCGATTCTGGAGAGGCCGCA,37673,0.35405966581571924,No Hit,ssu rna bryozoa
>,57,_,SRR11096623_1_val_1,TGGTATTGGAACAGTGCCTGTTGGCCGAGTAGAAACTGGTGTCATCAAAC,14327,0.13464849712371751,No Hit,-
>,58,_,SRR11096623_1_val_1,TTTATCATCTAGTCTCGGTCATAGTGGACCATCAGTTGATTTAGCAATTT,17946,0.16866070561752175,No Hit,COI bryozoa
>,59,_,SRR11096623_2_val_2,ACAAAGTTCTCATTTGTATACTTGCTACTACCACCAAGATCTGCACTGAA,27946,0.2626430446443365,No Hit,lsu rna bryozoa
>,60,_,SRR11096623_2_val_2,AGTGCACCGTCTCCCCGGAGGAAGGCGGCTGAATGGCGGCGACGAACTCG,17905,0.16827537802751183,No Hit,-
>,61,_,SRR11096623_2_val_2,CCTGATGACAGTAAAACTACAGTGTTTAAAAGAGGAATACCTCAAGGAGA,14696,0.13811644543380697,No Hit,-
>,62,_,SRR11096623_2_val_2,CGGTCCGCTTCTTGCCGCGACCCGAAGCAGCCCGCACCTCAGAGCCAATC,17526,0.16471344737839555,No Hit,lsu rna bryozoa
>,63,_,SRR11096623_2_val_2,CGGTTTTTCAAGGGCCAACGCCGATGCACCGGACGCCGCGTGAGGCGCGA,12422,0.11674486153910929,No Hit,lsu rna bryozoa
>,64,_,SRR11096623_2_val_2,CGTCGACAGCATGATAGATCAGAAACTCAGTGCAGGCGTCGCCGGCGCTG,22768,0.21397898949625185,No Hit,ssu rna bryozoa
>,65,_,SRR11096623_2_val_2,CGTCGCGGCAAGCCGCCACCGAAACGCCACATTGCACTGCGACCGGAGGC,74463,0.6998206910953707,No Hit,28S rna bryozoa
>,66,_,SRR11096623_2_val_2,CTTAGGGCCGACTGACCCATGTCCAACTGCTGTTCACATGGAACCCTTCT,19551,0.18374487103132553,No Hit,lsu rna bryozoa
>,67,_,SRR11096623_2_val_2,GCAAGCCGCCACCGAAACGCCACATTGCACTGCGACCGGAGGCCGCGGGC,31751,0.29840332464403957,No Hit,28S rna bryozoa
>,68,_,SRR11096623_2_val_2,GCTGTCTTTCTGTCCCATACCAACCATGACGCCCTGATGTCTTGGACGTC,10747,0.10100281975211783,No Hit,-
>,69,_,SRR11096623_2_val_2,GGTATTGTTCGTCACTACCTCTCGGTGTCCGAAGTGGGTAATTTGCGTGC,24629,0.23146910278914207,No Hit,ssu rna bryozoa
>,70,_,SRR11096623_2_val_2,GTCTCCAGGGACAGCTTCAGGAATGGATTCGTGGTGCATTTCCACCGACT,12913,0.1213593943853259,No Hit,-
>,71,_,SRR11096623_2_val_2,TATTAGCACCGGAGTTACCGCACGTTATCCACGGGTGAGTCTGGCCCCAG,11611,0.10912289384403462,No Hit,ssu rna bryozoa
>,72,_,SRR11096624_1_val_1,AATAGTTGTAGGGCTAATTTGTCTAACAGCTGTAGATATAAAAATTTTAA,12806,0.10610204405099029,No Hit,-
>,73,_,SRR11096624_1_val_1,AATTGACCCTGAAAACTTTATCCCTGCAAACCCTCTGGTAACCCCAACAC,15319,0.1269230995484242,No Hit,-
>,74,_,SRR11096624_1_val_1,AATTGGGTTAATCGTTTTATTTAATCCCATAATTCTAATTGACCCTGAAA,12658,0.10487581396200493,No Hit,-
>,75,_,SRR11096624_1_val_1,ACGACCTCAGATCGGACGCGACTACCCGCTGAACTTAAGCATATCAGTA,91049,0.7543717795407321,No Hit,-
>,76,_,SRR11096624_1_val_1,ACGAGTAGGAGGGCGTGTCGGTGGCGCTGAAGCGTAGTGCGCGAGCACGC,77345,0.6408295015714387,No Hit,lsu rna bryozoa
>,77,_,SRR11096624_1_val_1,AGGACGTGTAAAGAGGAAAAAGATGAGAAGAGCAGCTGGTGGTGATGGCG,14129,0.11706354680590676,No Hit,-
>,78,_,SRR11096624_1_val_1,ATGAAAATAACCTTACACATAATACCCAGATCTCTTCTTCTAACTTTTTC,14544,0.12050196225812922,No Hit,-
>,79,_,SRR11096624_1_val_1,ATGAAATTAAAAAATTTAACTTTGAACAAAGACTCCAAAACATGATTAAT,61692,0.5111390989843584,No Hit,-
>,80,_,SRR11096624_1_val_1,ATGATAAAACCAATTCGAAAAACCAATCCTATCGGACTATTATTAAACTC,23579,0.19535999505531002,No Hit,-
>,81,_,SRR11096624_1_val_1,ATGATATCCCCATTTATGCACATTACTACTGTCTCAATATTTAGCTTATT,16218,0.13437161880516638,No Hit,-
>,82,_,SRR11096624_1_val_1,ATGGCAACAGACATTTTCTCATCATTCGACGATCACAATAAAACTTTTTT,14487,0.12002969796710107,No Hit,-
>,83,_,SRR11096624_1_val_1,CAAAACGACTCTCGGCAACGGATATCTAGGCTCTCGCATCGATGAAGAAC,19571,0.16215235859143612,No Hit,-
>,84,_,SRR11096624_1_val_1,CACATGAGCTCCCAAGATACGGTTTAAAGGTCGGGTTGACCAACTATGCC,12185,0.10095684888031523,No Hit,-
>,85,_,SRR11096624_1_val_1,CTAGTCTCGGTCATAGTGGACCATCAGTTGATTTAGCAATTTTCTCCTTA,30414,0.25199028328649214,No Hit,COI bryozoa
>,86,_,SRR11096624_1_val_1,TAATTTATTTATCCTCAAAGAGAAAAAAGAAAAACTACCTTAGGGATAAC,13946,0.11554732987155324,No Hit,-
>,87,_,SRR11096624_1_val_1,TATTAAAATTATAGGTCACCAATGATATTGAGAGTACAACCTAGCTGACT,16016,0.13269798044047013,No Hit,-
>,88,_,SRR11096624_1_val_1,TATTCACCGGTCTAACTTTAAACACATACATTGCCAAAGCCCATTTCTAT,31767,0.2632003461945814,No Hit,COI bryozoa
>,89,_,SRR11096624_1_val_1,TATTGATTTCCCCTATTCACCGGTCTAACTTTAAACACATACATTGCCAA,17290,0.14325350161187117,No Hit,-
>,90,_,SRR11096624_1_val_1,TATTTATTTTATCTGAAGTATGTTTCTTCTTCGCATTTTTTTGAGCTTTC,47509,0.3936281439027407,No Hit,-
>,91,_,SRR11096624_1_val_1,TGACCGTAAACGATGCCGACTGGCAATTGGGCGCACTTCTGTCGAAGTTGCCGCCAGCAGTATTGCCC,13715,0.11363341669212337,No Hit,ssu rna bryozoa
>,92,_,SRR11096624_1_val_1,TGGCGTTGACGGATAACAGAGAATCTGGGTTCGATTCTGGAGAGGCCGCA,37428,0.3101036470982715,No Hit,ssu rna bryozoa
>,93,_,SRR11096624_1_val_1,TGGTATTGGAACAGTGCCTGTTGGCCGAGTAGAAACTGGTGTCATCAAAC,18906,0.15664260852944106,No Hit,-
>,94,_,SRR11096624_1_val_1,TTTATCATCTAGTCTCGGTCATAGTGGACCATCAGTTGATTTAGCAATTT,23363,0.19357036195246652,No Hit,COI bryozoa
>,95,_,SRR11096624_2_val_2,AAGGAGCACATGCAGATTTTTAGAAAAAAAATGTAAGAAACATTTTGTCA,12922,0.10706314330992477,No Hit,-
>,96,_,SRR11096624_2_val_2,AATAAAGATAATAAAGCCTCTTTATGATTTATTCTTAGAAGTGAGTGGTG,17195,0.14246639446015757,No Hit,-
>,97,_,SRR11096624_2_val_2,AATAGGGTATAGTATTTAAGTGAGGATAGAAACCGGACTAGCTTACGCCG,14655,0.12142163482486824,No Hit,mitochondrion
>,98,_,SRR11096624_2_val_2,ACAAAGTTCTCATTTGTATACTTGCTACTACCACCAAGATCTGCACTGAA,28636,0.23725895154178964,No Hit,lsu rna bryozoa
>,99,_,SRR11096624_2_val_2,AGTAGTAACACAGCAGTAATGAAAACTGCTCAAACTAATAGAGGGATATG,18448,0.1528479235243377,No Hit,COI bryozoa
>,100,_,SRR11096624_2_val_2,CCTACGGTTATTAGAGATAGATTGAATCCATTAAATCAGGCGGCTAATCC,17001,0.14085903880297407,No Hit,-
>,101,_,SRR11096624_2_val_2,CCTATACCTAAAAGAGCTATAAGGATGTGGCCTGTTCTTAGATTTGCTGT,28428,0.23553560114645886,No Hit,-
>,102,_,SRR11096624_2_val_2,CCTGATGACAGTAAAACTACAGTGTTTAAAAGAGGAATACCTCAAGGAGA,68067,0.563958131533559,No Hit,-
>,103,_,SRR11096624_2_val_2,CGTAATTTAAATAGGGTATAGTATTTAAGTGAGGATAGAAACCGGACTAG,19948,0.16527593118297318,No Hit,-
>,104,_,SRR11096624_2_val_2,CGTCGCGGCAAGCCGCCACCGAAACGCCACATTGCACTGCGACCGGAGGC,67919,0.5627319014445736,No Hit,28S rna bryozoa
>,105,_,SRR11096624_2_val_2,CTTAGGGCCGACTGACCCATGTCCAACTGCTGTTCACATGGAACCCTTCT,66408,0.5502127550631082,No Hit,lsu rna bryozoa
>,106,_,SRR11096624_2_val_2,CTTCAATATATTTTCTAGCTCGTCATCCTTATCATGGCCCAACATGGTGT,20987,0.17388439782118797,No Hit,-
>,107,_,SRR11096624_2_val_2,GATTTGCTGTTAATCGCACAGCTAAAGTGAAAGGTCGTACTATTAGTCTA,13091,0.10846336550613103,No Hit,-
>,108,_,SRR11096624_2_val_2,GCAAGCCGCCACCGAAACGCCACATTGCACTGCGACCGGAGGCCGCGGGC,13369,0.11076668959219814,No Hit,28S rna bryozoa
>,109,_,SRR11096624_2_val_2,GCGTGACACCCAGGCAGACGTGCCCTCGGCCGAATGGCTTCGGGCGCAAC,33451,0.27715285612600943,No Hit,-
>,110,_,SRR11096624_2_val_2,GCTAGAACTGGAAGAGATAGTAGTAGTAACACAGCAGTAATGAAAACTGC,12642,0.10474324854697949,No Hit,COI bryozoa
>,111,_,SRR11096624_2_val_2,GGGCAATACTGCTGGCGGCAACTTCGACAGAAGTGCGCCCAATTGCCAGTCGGCATCGTTTACGGTCA,13716,0.11364170203056247,No Hit,ssu rna bryozoa
>,112,_,SRR11096624_2_val_2,GGTAATAGTGGTAGAAAGTATAGGATAGCAATAGATATAATTAATGCTAC,13385,0.11089925500722356,No Hit,-
>,113,_,SRR11096624_2_val_2,GGTATTGTTCGTCACTACCTCTCGGTGTCCGAAGTGGGTAATTTGCGTGC,29433,0.24386236627774457,No Hit,ssu rna bryozoa
>,114,_,SRR11096624_2_val_2,GTCTCCAGGGACAGCTTCAGGAATGGATTCGTGGTGCATTTCCACCGACT,15887,0.13162917178182748,No Hit,-
>,115,_,SRR11096625_1_val_1,CACGACCTCAGATCGGACGCGACTACCCGCTGAACTTAAGCATATCAGTA,123537,0.545868783372806,No Hit,-
>,116,_,SRR11096625_1_val_1,CAACTTTCAACAACGGATCTCTTGGTTCTGGCATCGATGAAGAACGCAGC,80449,0.35547728820967706,No Hit,-
>,117,_,SRR11096625_1_val_1,CAACTCTGAGCGGTGGATCACTCGGCTCGCACGTCGATGAAGAGCGCAGC,65975,0.2915215116363589,No Hit,-
>,118,_,SRR11096625_1_val_1,ACGAGTAGGAGGGCGTGTCGGTGGCGCTGAAGCGTAGTGCGCGAGCACGC,60346,0.2666488388208824,No Hit,lsu rna bryozoa
>,119,_,SRR11096625_1_val_1,TGGCGTTGACGGATAACAGAGAATCTGGGTTCGATTCTGGAGAGGCCGCA,44794,0.19792973993541588,No Hit,ssu rna bryozoa
>,120,_,SRR11096625_1_val_1,TGAGCAGTGTCGGTGTTGAAGCTGTAGATACTCAACTGAAGATGGTTGTT,40998,0.18115648251712688,No Hit,-
>,121,_,SRR11096625_1_val_1,ATGCCACATTTAAGACCTATTATATGAACATTCATTTATTTCAGTGTTTG,39244,0.17340614176062558,No Hit,-
>,122,_,SRR11096625_1_val_1,TACGGTGGCCATGGAAGCCATGGAAGTCATGGTGGATATGGAGGACATAA,35103,0.1551084444557955,No Hit,-
>,123,_,SRR11096625_1_val_1,ATGAAATTAAAAAATTTAACTTTGAACAAAGACTCCAAAACATGATTAAT,34143,0.15086652477150744,No Hit,-
>,124,_,SRR11096625_1_val_1,ATGATATCCCCATTTATGCACATTACTACTGTCTCAATATTTAGCTTATT,29597,0.13077926759986838,No Hit,-
>,125,_,SRR11096625_1_val_1,GATTCTGACTGTAATGATGCCTATAGCAAACCAGCTGATCACTTAAAAAA,25572,0.11299413559022313,No Hit,-
>,126,_,SRR11096625_1_val_1,CAACTCTTAACAATGGATATCTTGGTTCTCGCAACGATGAAGAACGCAGC,25461,0.11250366362672733,No Hit,-
>,127,_,SRR11096625_1_val_1,CTAGTCTCGGTCATAGTGGACCATCAGTTGATTTAGCAATTTTCTCCTTA,24648,0.10891128789409588,No Hit,COI bryozoa
>,128,_,SRR11096625_1_val_1,AGGACGTGTAAAGAGGAAAAAGATGAGAAGAGCAGCTGGTGGTGATGGCG,24462,0.10808941595526506,No Hit,40S RPS9 mRNA
>,129,_,SRR11096625_1_val_1,CTGCCGTTCATCGCGGAGTCGGGTTGCTTGAGAGTGCAGCCCAAAGTGGG,23956,0.10585357078833824,No Hit,28s rna bryozoa
>,130,_,SRR11096625_1_val_1,AAGCACCAAAAGAGGAAAAGAAACCTGAGCCAGAGTCTGAATCTGATGAC,23469,0.10370168028182962,No Hit,-
>,131,_,SRR11096625_1_val_1,CGGCCAGACCGCTGCTGCCCTCTACGCCAAGGCCGCCGGCCAGAACGCCC,23213,0.10257050169935279,No Hit,-
>,132,_,SRR11096625_2_val_2,GACGACCCTCAGACGGGCGCGGCCCCGGGATGACCCGGGGCCACAATGTG,131252,0.5799587941689335,No Hit,18s rna fresh bryozoa
>,133,_,SRR11096625_2_val_2,AATGACGCTCGAACAGGCATGCCCCATGGAATACCAAGGGGCGCAATGTG,122216,0.5400317251405722,No Hit,-
>,134,_,SRR11096625_2_val_2,CGTCGCGGCAAGCCGCCACCGAAACGCCACATTGCACTGCGACCGGAGGC,53539,0.23657097705947744,No Hit,28S rna bryozoa
>,135,_,SRR11096625_2_val_2,ACAAAGTTCTCATTTGTATACTTGCTACTACCACCAAGATCTGCACTGAA,48368,0.21372205342671333,No Hit,lsu rna bryozoa
>,136,_,SRR11096625_2_val_2,GCAAGCCGCCACCGAAACGCCACATTGCACTGCGACCGGAGGCCGCGGGC,40095,0.1771664268140934,No Hit,28S rna bryozoa
>,137,_,SRR11096625_2_val_2,CGTCGACAGCATGATAGATCAGAAACTCAGTGCAGGCGTCGCCGGCGCTG,32699,0.14448597057972415,No Hit,ssu rna bryozoa
>,138,_,SRR11096625_2_val_2,GGTCACCGAGAGACTCGATGCAGCGTTACAGCCCTCTGTATCACAAGAGC,31794,0.1404870775440151,No Hit,-
>,139,_,SRR11096625_2_val_2,AAGCCTACAGCACCTGGTATTCCCAGGCGGTCACCCATCCAAGTACTAAC,25962,0.11471741546196516,No Hit,5S rRNA
>,140,_,SRR11096625_2_val_2,GGATCCTTTGTTGTAGTTACCGTTGGCGTTTCCGTTGTCACCAGATCCGT,25888,0.11439043415296796,No Hit,lsu rna bryozoa
>,141,_,SRR11096625_2_val_2,ACAATGTTACAATTAGGCGAAGACAATTAATCAGAGTCTTCATCGTCTCC,25851,0.11422694349846935,No Hit,-
>,142,_,SRR11096625_2_val_2,CTTAGGGCCGACTGACCCATGTCCAACTGCTGTTCACATGGAACCCTTCT,25840,0.11417833816875354,No Hit,lsu rna bryozoa
>,143,_,SRR11096625_2_val_2,GGTATTGTTCGTCACTACCTCTCGGTGTCCGAAGTGGGTAATTTGCGTGC,22832,0.10088698982465097,No Hit,ssu rna bryozoa
>,144,_,SRR11096626_1_val_1,CACGACCTCAGATCGGACGCGACTACCCGCTGAACTTAAGCATATCAGTA,616496,5.366782110540584,No Hit,-
>,145,_,SRR11096626_1_val_1,TGGCGTTGACGGATAACAGAGAATCTGGGTTCGATTCTGGAGAGGCCGCA,121923,1.0613761894050242,No Hit,ssu rna bryozoa
>,146,_,SRR11096626_1_val_1,CATGCAACAAGGCTCCGACCCTGCCTTCGGGCGGGGGAAGGGCGCACTTA,110651,0.9632500572808684,No Hit,ssu rna bryozoa
>,147,_,SRR11096626_1_val_1,TCAGATCGGACGCGACTACCCGCTGAACTTAAGCATATCAGTAAGCGGAG,100880,0.8781905791948921,No Hit,lsu rna bryozoa
>,148,_,SRR11096626_1_val_1,ACGAGTAGGAGGGCGTGTCGGTGGCGCTGAAGCGTAGTGCGCGAGCACGC,76572,0.6665821672294933,No Hit,lsu rna bryozoa
>,149,_,SRR11096626_1_val_1,AAAGACTCAGTACTACGTCAGAACATTCGGTGGTTGGTCTACAAGTGAGA,65006,0.5658966771524897,No Hit,-
>,150,_,SRR11096626_1_val_1,CTAAATACCTAGTGCGAGACCGATAGCAAACAAGTACCGTGAGGGAAAGT,40948,0.3564645899769275,No Hit,lsu rna bryozoa
>,151,_,SRR11096626_1_val_1,AGTGGGCCGTTTTTGGTAAGCAGAACTGGCGCTGTGGGATGAACCAAACG,38832,0.33804417695574995,No Hit,lsu rna bryozoa
>,152,_,SRR11096626_1_val_1,AATCCGACTGTTTAATAAAAACATAGCTTTGTGATGGTGTGAAAACATGT,31922,0.2778905597646644,No Hit,-
>,153,_,SRR11096626_1_val_1,CTGCCGTTCATCGCGGAGTCGGGTTGCTTGAGAGTGCAGCCCAAAGTGGG,24563,0.21382826325103227,No Hit,28s rna bryozoa
>,154,_,SRR11096626_1_val_1,AACACGACTGTCTAATTAAAACAAAGCATCGCGATGGCCGCTGGTCGGTG,24357,0.21203497162420687,No Hit,lsu rna bryozoa
>,155,_,SRR11096626_1_val_1,CGCGTCGGTAGGACTGGACGCGCCTCGCGCGTTCGGACCGCCGCCGGCGT,24298,0.2115213589738054,No Hit,-
>,156,_,SRR11096626_1_val_1,TCCGTGGGCGGCCGTGGCTTTCGCCGGCGTCGGCTCTCGGGTCGGCGTCG,23500,0.20457453024464675,No Hit,lsu rna bryozoa
>,157,_,SRR11096626_1_val_1,CAGGATAGCTGGCACTCGGGATAAATGGTTTTATCCGGTAAAGCGAATGA,22948,0.1997692051086874,No Hit,lsu rna bryozoa
>,158,_,SRR11096626_1_val_1,CAACTCTGAGCGGTGGATCACTCGGCTCGCACGTCGATGAAGAGCGCAGC,20833,0.1813574973866692,No Hit,-
>,159,_,SRR11096626_1_val_1,TTAGTTTAAACAGCCGGACTGTGGCCATGGAAGTCGGCACCAGCTAAGGA,20777,0.18087000063374578,No Hit,-
>,160,_,SRR11096626_1_val_1,ATGAAATTAAAAAATTTAACTTTGAACAAAGACTCCAAAACATGATTAAT,19681,0.17132899275510183,No Hit,-
>,161,_,SRR11096626_1_val_1,CCGATGCGATCGAAAGGGAATCGGGTTAATATTCCCGAACCTGGTGGTGG,19436,0.1691961944610619,No Hit,lsu rna bryozoa
>,162,_,SRR11096626_1_val_1,TTAGGCGAAAACCAATGGCCCGTTTCGGCGGGCGTTGGTGGACGACACCC,18914,0.16465202829988293,No Hit,ssu rna bryozoa
>,163,_,SRR11096626_1_val_1,TATCTGGTTGATCCTGCCAGTAATCATATGCTTGTCTCAAAGATTAAGCC,17545,0.15273447375073734,No Hit,ssu rna bryozoa
>,164,_,SRR11096626_1_val_1,TGGTTGGGCCACAAGTGAGAACATGGGATTTGGCAGCAGTCTCCTTGGAT,16617,0.14465595613086363,No Hit,-
>,165,_,SRR11096626_1_val_1,TGACGTGCAAATCGGTCGTCAAACTTGAGCATAGGGGCGAAAGACTAATC,16608,0.1445776084384295,No Hit,lsu rna bryozoa
>,166,_,SRR11096626_1_val_1,TTAATGAGTAAGAGGGCGTGAGAACTGTGTCGAAGGCTTGGACGTGAGTC,16576,0.1442990388653304,No Hit,-
>,167,_,SRR11096626_1_val_1,TGAGTATAACGACGCTTCCGACTACTTTGGACGACACAACGAGGTCTTGA,16516,0.14377672091576962,No Hit,-
>,168,_,SRR11096626_1_val_1,TGGTTGGGCTACAACTCAGCACGTTGGATTTGGCAGCAGTCTCCTTGGAT,16423,0.14296712809395037,No Hit,-
>,169,_,SRR11096626_1_val_1,TTTTGGTAAGCAGAACTGGCGCTGTGGGATGAACCAAACGTGCGGTTAGG,15164,0.13200715645233294,No Hit,lsu rna bryozoa
>,170,_,SRR11096626_1_val_1,CCCGATGCGATCGAAAGGGAATCGGGTTAATATTCCCGAACCTGGTGGTG,15060,0.13110180533976085,No Hit,lsu rna bryozoa
>,171,_,SRR11096626_1_val_1,CGACTGTCTAATTAAAACAAAGCATCGCGATGGCCGCTGGTCGGTGTTGA,14403,0.1253824237920701,No Hit,lsu rna bryozoa
>,172,_,SRR11096626_1_val_1,AGTTCGAACAGCTGAAGAGAGATCTGGCCAGAGATGGTGAGAGATACACA,14114,0.12286659233501891,No Hit,-
>,173,_,SRR11096626_1_val_1,GATTGGGTTACAGTGGCTGCCATTGAGCGGGGAACGATGAGAGGGCTGCG,14053,0.12233556908629876,No Hit,-
>,174,_,SRR11096626_1_val_1,TAATTTATTTATCCTCAAAGAGAAAAAAGAAAAACTACCTTAGGGATAAC,13436,0.11696439950498187,No Hit,-
>,175,_,SRR11096626_1_val_1,TTTGGACTGTTTGCCTGCTCCCAGGCTGTTGTGGACCTTGGTGTCCTCAA,13377,0.11645078685458042,No Hit,-
>,176,_,SRR11096626_1_val_1,TAACGGCCGCGTAAGTGCTAAGGTAGCATAATCATTTGCCTTTTTATTGG,12581,0.10952136872374046,No Hit,16S rRNA byozoa
>,177,_,SRR11096626_2_val_2,CGTCGCGGCAAGCCGCCACCGAAACGCCACATTGCACTGCGACCGGAGGC,384816,3.349938401303149,No Hit,28S rna bryozoa
>,178,_,SRR11096626_2_val_2,GCAAGCCGCCACCGAAACGCCACATTGCACTGCGACCGGAGGCCGCGGGC,254285,2.213626996734468,No Hit,28S rna bryozoa
>,179,_,SRR11096626_2_val_2,CGTCGACAGCATGATAGATCAGAAACTCAGTGCAGGCGTCGCCGGCGCTG,111298,0.9688823858369657,No Hit,ssu rna bryozoa
>,180,_,SRR11096626_2_val_2,CGCCGCGTGGAGGAGGATCACAGCAACACCGAGCTGGGCATCGTGGAGTA,105913,0.9220043498638839,No Hit,-
>,181,_,SRR11096626_2_val_2,GGTATTGTTCGTCACTACCTCTCGGTGTCCGAAGTGGGTAATTTGCGTGC,65771,0.5725562310093899,No Hit,ssu rna bryozoa
>,182,_,SRR11096626_2_val_2,CGGTTGGCATAGCACCAACCGTCGACAGCATGATAGATCAGAAACTCAGT,51328,0.44682559525094595,No Hit,ssu rna bryozoa
>,183,_,SRR11096626_2_val_2,CCCAGAGTCCGTGCCAGTTCTGTGCTGTGCGTTTAGGCCGAACGAAGCCG,49594,0.43173060650863876,No Hit,lsu rna bryozoa
>,184,_,SRR11096626_2_val_2,CGGGGCCTGGCATTTCGCACGCATTGCCCCGACGGTGCGGTATGGGTCGC,49559,0.43142592103806165,No Hit,lsu rna bryozoa
>,185,_,SRR11096626_2_val_2,CCCCCGTTCAGAACGGAGTTCTCCGATCTCTTAGGGCCGACTGACCCATG,44804,0.3900322235353682,No Hit,lsu rna bryozoa
>,186,_,SRR11096626_2_val_2,AGAATTCATTATCAAATCATTATATTACGAGGTGAAAGAATAAGAATATG,43974,0.3828068252331105,No Hit,-
>,187,_,SRR11096626_2_val_2,AGTGCACCGTCTCCCCGGAGGAAGGCGGCTGAATGGCGGCGACGAACTCG,43009,0.37440621154434095,No Hit,-
>,188,_,SRR11096626_2_val_2,CCAAAGTAAACAGATGGGTGGTCGTACTCAGCAGTGAAGAACTGGGTGAC,42317,0.36838214452607304,No Hit,-
>,189,_,SRR11096626_2_val_2,ACAAAGTTCTCATTTGTATACTTGCTACTACCACCAAGATCTGCACTGAA,34031,0.29625003569172653,No Hit,lsu rna bryozoa
>,190,_,SRR11096626_2_val_2,GACGACCCTCAGACGGGCGCGGCCCCGGGATGACCCGGGGCCACAATGTG,30589,0.2662863959852553,No Hit,18s rna fresh bryozoa
>,191,_,SRR11096626_2_val_2,CCGATTACGGCGACACGTAAGTGCGCCGCATCGGTATTGTTCGTCACTAC,30532,0.26579019393317255,No Hit,ssu rna bryozoa
>,192,_,SRR11096626_2_val_2,GGAATCTCATTAATCCATTCATGCGCGTCACTAATTAGATGACGAGGCAT,28712,0.24994654946316164,No Hit,lsu rna bryozoa
>,193,_,SRR11096626_2_val_2,CTTAGGGCCGACTGACCCATGTCCAACTGCTGTTCACATGGAACCCTTCT,27445,0.2389169354282694,No Hit,lsu rna bryozoa
>,194,_,SRR11096626_2_val_2,CGGTTTTTCAAGGGCCAACGCCGATGCACCGGACGCCGCGTGAGGCGCGA,26056,0.22682527489593685,No Hit,lsu rna bryozoa
>,195,_,SRR11096626_2_val_2,GGGCAATACTGCTGGCGGCAACTTCGACAGAAGTGCGCCCAATTGCCAGT,24367,0.21212202461580032,No Hit,ssu rna bryozoa
>,196,_,SRR11096626_2_val_2,CGTAATTTAAATAGGGTATAGTATTTAAGTGAGGATAGAAACCGGACTAG,23146,0.20149285434223804,No Hit,-
>,197,_,SRR11096626_2_val_2,CGACGGTGCGGTATGGGTCGCACGCTCCAGCGCCATCCATTTTCAGGGCT,22275,0.19391053877444708,No Hit,lsu rna bryozoa
>,198,_,SRR11096626_2_val_2,GCGATGCTTTGTTTTAATTAGACAGTCGTGTTCCCAGAGTCCGTGCCAGT,22199,0.19324893603833673,No Hit,lsu rna bryozoa
>,199,_,SRR11096626_2_val_2,CGACTCGTCGGCAAGTAGAGGCCTGACACCCGCTGCGGGCAGACCCATTC,20950,0.18237601738831274,No Hit,lsu rna bryozoa
>,200,_,SRR11096626_2_val_2,GGGCACTCTCTGTTCGAGCACGCGACCCCGATCAGGAAGGGTCGCGCCTC,20327,0.1769526160120398,No Hit,lsu rna bryozoa
>,201,_,SRR11096626_2_val_2,AGTCGATTGCTGCTGGTGTAAGCAAACTGACAAATCCTGGTTCACAAATC,18704,0.16282391547642014,No Hit,-
>,202,_,SRR11096626_2_val_2,CCTCTCGTACTAGGCAGGATTACCAGCGTAATGACATGTTTACAGTAGGG,17218,0.14988784092563098,No Hit,lsu rna bryozoa
>,203,_,SRR11096626_2_val_2,CCGTTTGCCTCTGAACGGTTTCACGTACTCTTGAACTCTCTTTTCAAAGT,16649,0.14493452570396273,No Hit,lsu rna bryozoa
>,204,_,SRR11096626_2_val_2,GGAACATCGTTAATCCATTCATGCGCGTCACTAATTAGATGACGAGGCAT,16418,0.14292360159815365,No Hit,lsu rna bryozoa
>,205,_,SRR11096626_2_val_2,CGCACGCCGGCGGCGGTCCGAACGCGCGAGGCGCGTCCAGTCCTACCGAC,14285,0.1243551984912672,No Hit,lsu rna bryozoa
>,206,_,SRR11096626_2_val_2,CCGTGGTTGAGGAGGGCGGAACCGTGAGTCTTGAGGTCATCAACGTGGCC,13619,0.1185574692511423,No Hit,-
>,207,_,SRR11096626_2_val_2,GATTTGCTGTTAATCGCACAGCTAAAGTGAAAGGTCGTACTATTAGTCTA,13387,0.11653783984617387,No Hit,-
>,208,_,SRR11096626_2_val_2,CATCGTTAATCCATTCATGCGCGTCACTAATTAGATGACGAGGCATTTGG,12995,0.11312536257570999,No Hit,lsu rna bryozoa
>,209,_,SRR11096626_2_val_2,TGTTCCCAGAGTCCGTGCCAGTTCTGTGCTGTGCGTTTAGGCCGAACGAA,12929,0.1125508128311931,No Hit,lsu rna bryozoa
>,210,_,SRR11096626_2_val_2,CGGTCCGCTTCTTGCCGCGACCCGAAGCAGCCCGCACCTCAGAGCCAATC,12784,0.11128854445308783,No Hit,lsu rna bryozoa
>,211,_,SRR11096626_2_val_2,CCCTCCAGTGGATCCTCGTTAAAGGATTTGAAGTGTACTCATTCCGATTA,12767,0.11114055436737894,No Hit,ssu rna bryozoa
>,212,_,SRR11096626_2_val_2,CCACAGCGCCAGTTCTGCTTACCAAAAACGGCCCACTGGGCACTCTCTGT,12672,0.110313550947241,No Hit,lsu rna bryozoa
>,213,_,SRR11096626_2_val_2,CCGGAGTTACCGCACGTTATCCACGGGTGAGTCTGGCCCCAGTGGATTCA,12311,0.10717093795071686,No Hit,ssu rna bryozoa
>,214,_,SRR11096627_1_val_1,CACGACCTCAGATCGGACGCGACTACCCGCTGAACTTAAGCATATCAGTA,1555459,9.557285995942761,No Hit,-
>,215,_,SRR11096627_1_val_1,CAACTCTGAGCGGTGGATCACTCGGCTCGCACGTCGATGAAGAGCGCAGC,135442,0.8322031823805575,No Hit,-
>,216,_,SRR11096627_1_val_1,ATGAAATTAAAAAATTTAACTTTGAACAAAGACTCCAAAACATGATTAAT,123218,0.7570946362765429,No Hit,-
>,217,_,SRR11096627_1_val_1,CATAAATTTTCAACGATGGATATCTTGGCTCCTATAACGATGAAGAACGC,57630,0.3540989456785305,No Hit,-
>,218,_,SRR11096627_1_val_1,TCAGATCGGACGCGACTACCCGCTGAACTTAAGCATATCAGTAAGCGGAG,51722,0.3177981202218455,No Hit,lsu rna bryozoa
>,219,_,SRR11096627_1_val_1,CGGAACTAGTTTCGGTGTGACTGTATTTCCTCCTACACTTGACAATTTTA,48647,0.29890424102765006,No Hit,-
>,220,_,SRR11096627_1_val_1,TTAGGGATAACAGCGTTATTCTTCCAGAGAGATCTAATCGAAGGAAGAGT,48077,0.2954019609818968,No Hit,16S rRNA bryozoa
>,221,_,SRR11096627_1_val_1,TAGCATAATCATTTGCCTTTTTATTGGAGGCTAGTATGAATGGATTAACG,46741,0.28719310810272763,No Hit,16S rRNA bryozoa
>,222,_,SRR11096627_1_val_1,TATAATATAAATAATCATTATAATAAAAAGTTATGAAGAATAACCCCATC,43211,0.26550354922288705,No Hit,-
>,223,_,SRR11096627_1_val_1,CTAGTCTCGGTCATAGTGGACCATCAGTTGATTTAGCAATTTTCTCCTTA,40859,0.25105203577093665,No Hit,COI bryozoa
>,224,_,SRR11096627_1_val_1,TTAGTGTAGGACGAGAAGACCCTATAGAGTTTGTAGTAAAATTTATTAAC,39307,0.24151600308495572,No Hit,16S rRNA bryozoa
>,225,_,SRR11096627_1_val_1,TCAAGGCATTTAGAACAACAAACTGAACGCCTCAATTTATCAGACAACAT,39272,0.24130095080144454,No Hit,-
>,226,_,SRR11096627_1_val_1,CATGCAACAAGGCTCCGACCCTGCCTTCGGGCGGGGGAAGGGCGCACTTA,32412,0.19915070323325576,No Hit,ssu rna bryozoa
>,227,_,SRR11096627_1_val_1,TGGCGTTGACGGATAACAGAGAATCTGGGTTCGATTCTGGAGAGGCCGCA,30753,0.18895722499482645,No Hit,ssu rna bryozoa
>,228,_,SRR11096627_1_val_1,CATAAATTTTCAACGATGGATATCTAGGCTCCTATACCGATGAAGAACGC,29265,0.17981443077012313,No Hit,-
>,229,_,SRR11096627_1_val_1,ATGATAAAACCAATTCGAAAAACCAATCCTATCGGACTATTATTAAACTC,28417,0.1746040211581954,No Hit,-
>,230,_,SRR11096627_1_val_1,AAAGACTCAGTACTACGTCAGAACATTCGGTGGTTGGTCTACAAGTGAGA,24839,0.15261953343239665,No Hit,-
>,231,_,SRR11096627_1_val_1,TAACGGCCGCGTAAGTGCTAAGGTAGCATAATCATTTGCCTTTTTATTGG,24232,0.14888991240121727,No Hit,16S rRNA bryozoa
>,232,_,SRR11096627_1_val_1,TCTTAAATTAAATTAAACACGTTTTCTTAAACATAAATTAACTAAGTATT,23991,0.14740912382046895,No Hit,-
>,233,_,SRR11096627_1_val_1,ATAGGTGGACATTTGAGGTTTTTCGTAAAGAATCTACTTCTAACAAGAAC,23131,0.1421249819970517,No Hit,-
>,234,_,SRR11096627_1_val_1,TTATGATCAAGTCGCAACATCTGTTAAGAAGAATCTTAGATATATTGAAA,21945,0.13483778176150185,No Hit,-
>,235,_,SRR11096627_1_val_1,TTTGTCAAAACACTCACTGGCAAGACCATCACCCTTGAAGTAGAAGCTTC,21746,0.13361505592096695,No Hit,-
>,236,_,SRR11096627_1_val_1,ACAACTCTGAGCGGTGGATCACTCGGCTCGCACGTCGATGAAGAGCGCAG,21142,0.12990386794265993,No Hit,-
>,237,_,SRR11096627_1_val_1,CTGCCGTTCATCGCGGAGTCGGGTTGCTTGAGAGTGCAGCCCAAAGTGGG,19527,0.11998074114635893,No Hit,28s rna bryozoa
>,238,_,SRR11096627_1_val_1,AAGGGAATGTTATGGCTTGCCCAGGACTCGTAGTGACTGATACGAACAAT,19195,0.11794081662848159,No Hit,-
>,239,_,SRR11096627_1_val_1,ATGGCAACAGACATTTTCTCATCATTCGACGATCACAATAAAACTTTTTT,18816,0.1156121076156035,No Hit,-
>,240,_,SRR11096627_1_val_1,AATTTTCCTCTGCTCTGTACGAAGGTGCAGAGATCGCCTCAAATGATTCA,18161,0.11158755773846595,No Hit,-
>,241,_,SRR11096627_1_val_1,ACGAGTAGGAGGGCGTGTCGGTGGCGCTGAAGCGTAGTGCGCGAGCACGC,17660,0.10850923790877752,No Hit,lsu rna bryozoa
>,242,_,SRR11096627_1_val_1,AAGCACAACTCTGAGCGGTGGATCACTCGGCTCGCACGTCGATGAAGAGC,17283,0.10619281759781439,No Hit,-
>,243,_,SRR11096627_1_val_1,AATATAAGATTTTGACTTTTACCACCTGCACTAGCTCTATTACTAATATC,17113,0.10514827793504586,No Hit,COI bryozoa
>,244,_,SRR11096627_1_val_1,AATAGTTGTAGGGCTAATTTGTCTAACAGCTGTAGATATAAAAATTTTAA,17048,0.10474889512281083,No Hit,-
>,245,_,SRR11096627_1_val_1,TAATTTATTTATCCTCAAAGAGAAAAAAGAAAAACTACCTTAGGGATAAC,16865,0.1036244788975953,No Hit,-
>,246,_,SRR11096627_1_val_1,ATAAATTTTCAACGATGGATATCTTGGCTCCTATAACGATGAAGAACGCA,16584,0.1018979162785485,No Hit,-
>,247,_,SRR11096627_2_val_2,GCAAGCCGCCACCGAAACGCCACATTGCACTGCGACCGGAGGCCGCGGGC,925149,5.684440143944939,No Hit,28S rna bryozoa
>,248,_,SRR11096627_2_val_2,CGTCGCGGCAAGCCGCCACCGAAACGCCACATTGCACTGCGACCGGAGGC,377032,2.316616930193783,No Hit,28S rna bryozoa
>,249,_,SRR11096627_2_val_2,GACGACCCTCAGACGGGCGCGGCCCCGGGATGACCCGGGGCCACAATGTG,202702,1.2454722277794463,No Hit,18s rna fresh bryozoa
>,250,_,SRR11096627_2_val_2,CGTAATTTAAATAGGGTATAGTATTTAAGTGAGGATAGAAACCGGACTAG,81902,0.5032346321180462,No Hit,-
>,251,_,SRR11096627_2_val_2,GGTAGTTTTTCTTTTTTCTCTTTGAGGATAAATAAATTAAGAGTTTTATT,73571,0.45204604429143097,No Hit,16S rRNA bryozoa
>,252,_,SRR11096627_2_val_2,GGGCACACTGAAACGAACATGACAGCCGAAGCTGCCGCCACTTGCGTTCA,71636,0.44015672518874216,No Hit,-
>,253,_,SRR11096627_2_val_2,GCCACGGCGACTCGTCGGCAAGTAGAGGCCTGACACCCGCTGCGGGCAGA,62810,0.3859266836381832,No Hit,lsu rna bryozoa
>,254,_,SRR11096627_2_val_2,GAAATAAATTATTACTATAATAAGGCATTTCAAACTCAATACCGCCATTT,48569,0.29842498165296805,No Hit,-
>,255,_,SRR11096627_2_val_2,CCCCCGTTCAGAACGGAGTTCTCCGATCTCTTAGGGCCGACTGACCCATG,37604,0.23105217340439807,No Hit,lsu rna bryozoa
>,256,_,SRR11096627_2_val_2,AGAATTCATTATCAAATCATTATATTACGAGGTGAAAGAATAAGAATATG,36745,0.22577417593193827,No Hit,-
>,257,_,SRR11096627_2_val_2,GGATACACTGAAACAGGCATGATAGCCATAGCTATCGCCACTTGCGTTCA,36131,0.22200154444405665,No Hit,-
>,258,_,SRR11096627_2_val_2,CGTCGACAGCATGATAGATCAGAAACTCAGTGCAGGCGTCGCCGGCGCTG,34587,0.21251466656573548,No Hit,ssu rna bryozoa
>,259,_,SRR11096627_2_val_2,GTTATTGATCCTCTTCGTATATTCATTGTTGATGTTATAAAATTAATTGC,30312,0.18624756622258573,No Hit,COI bryozoa
>,260,_,SRR11096627_2_val_2,CGACTCGTCGGCAAGTAGAGGCCTGACACCCGCTGCGGGCAGACCCATTC,29497,0.1812399201922543,No Hit,lsu rna bryozoa
>,261,_,SRR11096627_2_val_2,AGTGCACCGTCTCCCCGGAGGAAGGCGGCTGAATGGCGGCGACGAACTCG,25397,0.15604808126666042,No Hit,-
>,262,_,SRR11096627_2_val_2,TCTTTGTCTTGGATTTTGGCCTTGACATTTTCGATGGTGTCGGAAGCTTC,24206,0.14873015927632324,No Hit,-
>,263,_,SRR11096627_2_val_2,TAAAAACATACTTTGCATCCTTGAAAGAAATTTATAAAGTAATCAATAAA,23562,0.14477319725971777,No Hit,-
>,264,_,SRR11096627_2_val_2,GGATAGAAACCGGACTAGCTTACGCCGACCTGAACTCAGATCATGTAAGG,23432,0.14397443163524773,No Hit,mitochondrion
>,265,_,SRR11096627_2_val_2,CCAAAGTAAACAGATGGGTGGTCGTACTCAGCAGTGAAGAACTGGGTGAC,21601,0.13272412503213496,No Hit,-
>,266,_,SRR11096627_2_val_2,AGAGTTTTATTGTTCTTATATTGCCCCAATAAAAGTATATTTTATTTATT,21321,0.13100370676404563,No Hit,16S rRNA bryozoa
>,267,_,SRR11096627_2_val_2,GGAGAGTCTACCAAAGGGTACTCCGCATCCAATTTAGTGTTTGACGACAA,21128,0.12981784702925547,No Hit,-
>,268,_,SRR11096627_2_val_2,CCTATTATTGTACCCTCCCGTACTACGTCACGTCATCATTGGTACATAGT,20883,0.1283124810446773,No Hit,-
>,269,_,SRR11096627_2_val_2,CATATCAGTTTTGAGGAAAGTGCAAAGTTCATATATGTCTGCACCCTCCA,19288,0.11851224126752553,No Hit,-
>,270,_,SRR11096627_2_val_2,AGTAGCTCACCTATTTTCGGGAATATATATTTATATGTTTATTGACAGCC,19022,0.11687784391284067,No Hit,-
>,271,_,SRR11096627_2_val_2,CGGTTGGCATAGCACCAACCGTCGACAGCATGATAGATCAGAAACTCAGT,18619,0.1144016704769835,No Hit,ssu rna bryozoa
>,272,_,SRR11096627_2_val_2,CTACAGCATTAGAGAATTGTCTTTTACAGTAATCAAAAATTGACGATTCT,18137,0.11144009331548686,No Hit,-
>,273,_,SRR11096627_2_val_2,CCTACGGTTATTAGAGATAGATTGAATCCATTAAATCAGGCGGCTAATCC,17667,0.10855224836547976,No Hit,-
>,274,_,SRR11096627_2_val_2,CCTTAGCACTTACGCGGCCGTTAAACAAGGTCACTGGGCAGACGGGACTT,17596,0.10811599944749997,No Hit,lsu rna bryozoa
>,275,_,SRR11096627_2_val_2,GGTATTGTTCGTCACTACCTCTCGGTGTCCGAAGTGGGTAATTTGCGTGC,17213,0.10576271303079204,No Hit,ssu rna bryozoa
>,276,_,SRR11096627_2_val_2,CGGCAAGCCGCCACCGAAACGCCACATTGCACTGCGACCGGAGGCCGCGG,16572,0.10182418406705895,No Hit,lsu rna bryozoa
>,277,_,SRR11096627_2_val_2,CGCGGCAAGCCGCCACCGAAACGCCACATTGCACTGCGACCGGAGGCCGC,16334,0.10036182853918302,No Hit,lsu rna bryozoa
>,278,_,SRR11096628_1_val_1,CACGACCTCAGATCGGACGCGACTACCCGCTGAACTTAAGCATATCAGTA,181952,0.843411241363937,No Hit,-
>,279,_,SRR11096628_1_val_1,TCAGATCGGACGCGACTACCCGCTGAACTTAAGCATATCAGTAAGCGGAG,87914,0.4075121783397223,No Hit,lsu rna bryozoa
>,280,_,SRR11096628_1_val_1,AAAGACTCAGTACTACGTCAGAACATTCGGTGGTTGGTCTACAAGTGAGA,55759,0.25846249234529856,No Hit,-
>,281,_,SRR11096628_1_val_1,CATGCAACAAGGCTCCGACCCTGCCTTCGGGCGGGGGAAGGGCGCACTTA,37867,0.1755268063925002,No Hit,ssu rna bryozoa
>,282,_,SRR11096628_1_val_1,CGCGTCGGTAGGACTGGACGCGCCTCGCGCGTTCGGACCGCCGCCGGCGT,36004,0.16689114895174104,No Hit,-
>,283,_,SRR11096628_1_val_1,TGGCGTTGACGGATAACAGAGAATCTGGGTTCGATTCTGGAGAGGCCGCA,31645,0.14668565738745265,No Hit,ssu rna bryozoa
>,284,_,SRR11096628_1_val_1,TTTGGACTGTTTGCCTGCTCCCAGGCTGTTGTGGACCTTGGTGTCCTCAA,27375,0.12689271199183177,No Hit,-
>,285,_,SRR11096628_1_val_1,TGGTTGGGCCACAAGTGAGAACATGGGATTTGGCAGCAGTCTCCTTGGAT,26624,0.12341156398431156,No Hit,-
>,286,_,SRR11096628_1_val_1,ACGAGTAGGAGGGCGTGTCGGTGGCGCTGAAGCGTAGTGCGCGAGCACGC,25542,0.118396115057365,No Hit,lsu rna bryozoa
>,287,_,SRR11096628_1_val_1,TTCAACTTGAGAGTTTGATCCTGGCTCAGAACGAACGCTGGCGGCACGCC,24915,0.11548975047585347,No Hit,-
>,288,_,SRR11096628_1_val_1,TATTCACCGGTCTAACTTTAAACACATACATTGCCAAAGCCCATTTCTAT,24398,0.11309327441741412,No Hit,COI bryozoa
>,289,_,SRR11096628_1_val_1,TGGTATTGGAACAGTGCCTGTTGGCCGAGTAGAAACTGGTGTCATCAAAC,23449,0.10869432706836395,No Hit,-
>,290,_,SRR11096628_1_val_1,TGGACAGGCTGAGTGCCCCAAGTACAAAGTAATCAGGAAATTCAACGGAT,22328,0.10349809948323725,No Hit,-
>,291,_,SRR11096628_1_val_1,TCTGGACATCTTGACACCCTTAAGGGACACGTTGGAACTCTTGGAACACA,22302,0.10337758037778381,No Hit,-
>,292,_,SRR11096628_2_val_2,GCAAGCCGCCACCGAAACGCCACATTGCACTGCGACCGGAGGCCGCGGGC,136182,0.631251262263804,No Hit,28S rna bryozoa
>,293,_,SRR11096628_2_val_2,CGTCGCGGCAAGCCGCCACCGAAACGCCACATTGCACTGCGACCGGAGGC,108072,0.500951567867808,No Hit,28S rna bryozoa
>,294,_,SRR11096628_2_val_2,AGAATTCATTATCAAATCATTATATTACGAGGTGAAAGAATAAGAATATG,80317,0.37229742279627226,No Hit,-
>,295,_,SRR11096628_2_val_2,CGTCGACAGCATGATAGATCAGAAACTCAGTGCAGGCGTCGCCGGCGCTG,48427,0.2244761046074315,No Hit,ssu rna bryozoa
>,296,_,SRR11096628_2_val_2,CCCAGAGTCCGTGCCAGTTCTGTGCTGTGCGTTTAGGCCGAACGAAGCCG,44613,0.20679687890745538,No Hit,lsu rna bryozoa
>,297,_,SRR11096628_2_val_2,CCTACGAGTCCTTCGTTGTTCAGATGGTCCAAGACAGTGCCAGCAACAGC,33824,0.15678608549449197,No Hit,-
>,298,_,SRR11096628_2_val_2,CCAAAGTAAACAGATGGGTGGTCGTACTCAGCAGTGAAGAACTGGGTGAC,31948,0.1480901685010061,No Hit,-
>,299,_,SRR11096628_2_val_2,CCGTGGTTGAGGAGGGCGGAACCGTGAGTCTTGAGGTCATCAACGTGGCC,29738,0.1378460445374646,No Hit,-
>,300,_,SRR11096628_2_val_2,GGAGTTTTACGTTGGCTCCCTCGGTGAATTCGTTATGTTCCCAGTAGTCC,29095,0.13486551435259708,No Hit,-
>,301,_,SRR11096628_2_val_2,CGGTCCGCTTCTTGCCGCGACCCGAAGCAGCCCGCACCTCAGAGCCAATC,25945,0.12026416119189318,No Hit,lsu rna bryozoa
>,302,_,SRR11096628_2_val_2,AGTTTAGCAGTATCAAATGCAGTTCCAAGGTTGAGCCCTGGGCTTTCACA,22745,0.10543104052070187,No Hit,-
>,303,_,SRR11096628_2_val_2,CGACGGTGCGGTATGGGTCGCACGCTCCAGCGCCATCCATTTTCAGGGCT,22182,0.10282133835261414,No Hit,lsu rna bryozoa
>,304,_,SRR11096629_1_val_1,CACGACCTCAGATCGGACGCGACTACCCGCTGAACTTAAGCATATCAGTA,417999,6.181118442046849,No Hit,-
>,305,_,SRR11096629_1_val_1,TCAGATCGGACGCGACTACCCGCTGAACTTAAGCATATCAGTAAGCGGAG,55691,0.8235250973232735,No Hit,lsu rna bryozoa
>,306,_,SRR11096629_1_val_1,TGGCGTTGACGGATAACAGAGAATCTGGGTTCGATTCTGGAGAGGCCGCA,53477,0.7907857935673035,No Hit,ssu rna bryozoa
>,307,_,SRR11096629_1_val_1,ACGAGTAGGAGGGCGTGTCGGTGGCGCTGAAGCGTAGTGCGCGAGCACGC,48158,0.712131612592595,No Hit,lsu rna bryozoa
>,308,_,SRR11096629_1_val_1,CATGCAACAAGGCTCCGACCCTGCCTTCGGGCGGGGGAAGGGCGCACTTA,44242,0.6542241539167238,No Hit,ssu rna bryozoa
>,309,_,SRR11096629_1_val_1,CTAAATACCTAGTGCGAGACCGATAGCAAACAAGTACCGTGAGGGAAAGT,22471,0.3322876669830185,No Hit,lsu rna bryozoa
>,310,_,SRR11096629_1_val_1,AGTGGGCCGTTTTTGGTAAGCAGAACTGGCGCTGTGGGATGAACCAAACG,18522,0.27389222410482256,No Hit,lsu rna bryozoa
>,311,_,SRR11096629_1_val_1,CGCGTCGGTAGGACTGGACGCGCCTCGCGCGTTCGGACCGCCGCCGGCGT,17880,0.26439871325959546,No Hit,-
>,312,_,SRR11096629_1_val_1,CTGCCGTTCATCGCGGAGTCGGGTTGCTTGAGAGTGCAGCCCAAAGTGGG,16358,0.2418922903523749,No Hit,28s rna bryozoa
>,313,_,SRR11096629_1_val_1,CAGGATAGCTGGCACTCGGGATAAATGGTTTTATCCGGTAAAGCGAATGA,15677,0.23182207090440032,No Hit,lsu rna bryozoa
>,314,_,SRR11096629_1_val_1,GGAAGAGCACACGTCTGAACTCCAGTCACTGACCAATCTCGTATGCCGTCTTCTGCTTGAAAAAAAAA,13187,0.1950014447289869,"TruSeq Adapter, Index 4 (100% over 59bp)",-
>,315,_,SRR11096629_1_val_1,TTAGTGTAGGACGAGAAGACCCTATAGAGTTTGTAGTAAAATTTATTAAC,13086,0.19350791732187173,No Hit,16S rRNA bryozoa
>,316,_,SRR11096629_1_val_1,AACACGACTGTCTAATTAAAACAAAGCATCGCGATGGCCGCTGGTCGGTG,11486,0.16984807720915623,No Hit,lsu rna bryozoa
>,317,_,SRR11096629_1_val_1,TCCGTGGGCGGCCGTGGCTTTCGCCGGCGTCGGCTCTCGGGTCGGCGTCG,11389,0.16841369940232287,No Hit,lsu rna bryozoa
>,318,_,SRR11096629_1_val_1,ATGAAATTAAAAAATTTAACTTTGAACAAAGACTCCAAAACATGATTAAT,11150,0.164879510785486,No Hit,-
>,319,_,SRR11096629_1_val_1,TAAGGCTAAATACCTAGTGCGAGACCGATAGCAAACAAGTACCGTGAGGG,10676,0.15787028315209403,No Hit,lsu rna
>,320,_,SRR11096629_1_val_1,TAATTTATTTATCCTCAAAGAGAAAAAAGAAAAACTACCTTAGGGATAAC,9149,0.13528992324452122,No Hit,-
>,321,_,SRR11096629_1_val_1,ACCTCAGATCGGACGCGACTACCCGCTGAACTTAAGCATATCAGTAAGCG,8827,0.1305283804218372,No Hit,lsu rna
>,322,_,SRR11096629_1_val_1,CCGATGCGATCGAAAGGGAATCGGGTTAATATTCCCGAACCTGGTGGTGG,7869,0.1163620511543488,No Hit,lsu rna bryozoa
>,323,_,SRR11096629_1_val_1,TTAGGGATAACAGCGTTATTCTTCCAGAGAGATCTAATCGAAGGAAGAGT,7761,0.11476501194674052,No Hit,16S rRNA bryozoa
>,324,_,SRR11096629_1_val_1,CCGTGGCCTGCCGTTCATCGCGGAGTCGGGTTGCTTGAGAGTGCAGCCCA,7611,0.11254690193617345,No Hit,28s rna bryozoa
>,325,_,SRR11096629_1_val_1,TTAGGCGAAAACCAATGGCCCGTTTCGGCGGGCGTTGGTGGACGACACCC,7248,0.10717907571060112,No Hit,ssu rna bryozoa
>,326,_,SRR11096629_1_val_1,AAATGAGAACTTTGTAGACCGAAGTGGAGAAGGGTTCCATGTGAACAGCA,6875,0.10166337548432432,No Hit,lsu rna bryozoa
>,327,_,SRR11096629_2_val_2,CAAGCCGCCACCGAAACGCCACATTGCACTGCGACCGGAGGCCGCGGGC,250001,3.696864805011864,No Hit,lsu rna
>,328,_,SRR11096629_2_val_2,CGTCGCGGCAAGCCGCCACCGAAACGCCACATTGCACTGCGACCGGAGGC,168223,2.487580802050835,No Hit,28S rna bryozoa
>,329,_,SRR11096629_2_val_2,CCCCCGTTCAGAACGGAGTTCTCCGATCTCTTAGGGCCGACTGACCCATG,46194,0.6830891588542367,No Hit,lsu rna bryozoa
>,330,_,SRR11096629_2_val_2,CGTCGACAGCATGATAGATCAGAAACTCAGTGCAGGCGTCGCCGGCGCTG,38731,0.5727307921284894,No Hit,ssu rna bryozoa
>,331,_,SRR11096629_2_val_2,AGTGCACCGTCTCCCCGGAGGAAGGCGGCTGAATGGCGGCGACGAACTCG,35538,0.5255146237035516,No Hit,-
>,332,_,SRR11096629_2_val_2,CGGTTGGCATAGCACCAACCGTCGACAGCATGATAGATCAGAAACTCAGT,29001,0.42884938944303846,No Hit,ssu rna bryozoa
>,333,_,SRR11096629_2_val_2,CCCAGAGTCCGTGCCAGTTCTGTGCTGTGCGTTTAGGCCGAACGAAGCCG,28387,0.41976992579978395,No Hit,lsu rna bryozoa
>,334,_,SRR11096629_2_val_2,GGTATTGTTCGTCACTACCTCTCGGTGTCCGAAGTGGGTAATTTGCGTGC,23987,0.35470536548981635,No Hit,ssu rna bryozoa
>,335,_,SRR11096629_2_val_2,CGGGGCCTGGCATTTCGCACGCATTGCCCCGACGGTGCGGTATGGGTCGC,20183,0.29845409562183534,No Hit,lsu rna bryozoa
>,336,_,SRR11096629_2_val_2,CGTAATTTAAATAGGGTATAGTATTTAAGTGAGGATAGAAACCGGACTAG,17342,0.2564430920216949,No Hit,-
>,337,_,SRR11096629_2_val_2,CCGATTACGGCGACACGTAAGTGCGCCGCATCGGTATTGTTCGTCACTAC,17162,0.2537813600090144,No Hit,ssu rna bryozoa
>,338,_,SRR11096629_2_val_2,CGACGGTGCGGTATGGGTCGCACGCTCCAGCGCCATCCATTTTCAGGGCT,15743,0.23279803930904985,No Hit,lsu rna
>,339,_,SRR11096629_2_val_2,ACAAAGTTCTCATTTGTATACTTGCTACTACCACCAAGATCTGCACTGAA,14925,0.22070194605142407,No Hit,lsu rna bryozoa
>,340,_,SRR11096629_2_val_2,TCGGACTGTAGAACTCTGAACGTGTAGATCTCGGTGGTCGCCGTATCATTAAAAAAAAA,14327,0.21185908080929666,Illumina RNA PCR Primer (100% over 50bp),-
>,341,_,SRR11096629_2_val_2,GCGATGCTTTGTTTTAATTAGACAGTCGTGTTCCCAGAGTCCGTGCCAGT,11669,0.17255417142204807,No Hit,lsu rna bryozoa
>,342,_,SRR11096629_2_val_2,AGGGATTAAAGGCCGAACAGGCCTGCCTTCTAAACTTCTGCACCTAGAGG,11203,0.1656632429892197,No Hit,lsu rna
>,343,_,SRR11096629_2_val_2,CGACTCGTCGGCAAGTAGAGGCCTGACACCCGCTGCGGGCAGACCCATTC,10975,0.16229171577315774,No Hit,lsu rna bryozoa
>,344,_,SRR11096629_2_val_2,GGGCACTCTCTGTTCGAGCACGCGACCCCGATCAGGAAGGGTCGCGCCTC,10059,0.14874645730862812,No Hit,lsu rna bryozoa
>,345,_,SRR11096629_2_val_2,CTTAGGGCCGACTGACCCATGTCCAACTGCTGTTCACATGGAACCCTTCT,9405,0.13907549766255567,No Hit,lsu rna bryozoa
>,346,_,SRR11096629_2_val_2,CCGTTTGCCTCTGAACGGTTTCACGTACTCTTGAACTCTCTTTTCAAAGT,9373,0.13860230086030137,No Hit,lsu rna
>,347,_,SRR11096629_2_val_2,CCACAGCGCCAGTTCTGCTTACCAAAAACGGCCCACTGGGCACTCTCTGT,9322,0.13784814345670857,No Hit,lsu rna bryozoa
>,348,_,SRR11096629_2_val_2,GGGTATAGTATTTAAGTGAGGATAGAAACCGGACTAGCTTACGCCGACCT,8862,0.13104593942430284,No Hit,mitochondrion
>,349,_,SRR11096629_2_val_2,CGGTTTTTCAAGGGCCAACGCCGATGCACCGGACGCCGCGTGAGGCGCGA,8686,0.12844335701190415,No Hit,lsu rna bryozoa
>,350,_,SRR11096629_2_val_2,GGTAGTTTTTCTTTTTTCTCTTTGAGGATAAATAAATTAAGAGTTTTATT,8330,0.12317904258682495,No Hit,16S rRNA bryozoa
>,351,_,SRR11096629_2_val_2,CGGTCCGCTTCTTGCCGCGACCCGAAGCAGCCCGCACCTCAGAGCCAATC,8256,0.12208477498161187,No Hit,lsu rna bryozoa
>,352,_,SRR11096629_2_val_2,GACGACCCTCAGACGGGCGCGGCCCCGGGATGACCCGGGGCCACAATGTG,8016,0.11853579896470455,No Hit,18s rna fresh bryozoa
>,353,_,SRR11096629_2_val_2,CGCACGCCGGCGGCGGTCCGAACGCGCGAGGCGCGTCCAGTCCTACCGAC,7982,0.11803302736230935,No Hit,lsu rna bryozoa
>,354,_,SRR11096629_2_val_2,TGGCGGCGACGAACTCGCCCAGTTCCGTCCGTTTGCCTCTGAACGGTTTC,7951,0.11757461796012547,No Hit,lsu rna
>,355,_,SRR11096629_2_val_2,GGAACATCGTTAATCCATTCATGCGCGTCACTAATTAGATGACGAGGCAT,7594,0.11229551613497583,No Hit,lsu rna bryozoa
>,356,_,SRR11096629_2_val_2,GATTTGCTGTTAATCGCACAGCTAAAGTGAAAGGTCGTACTATTAGTCTA,7372,0.10901271331933655,No Hit,-
>,357,_,SRR11096629_2_val_2,CCTCTCGTACTAGGCAGGATTACCAGCGTAATGACATGTTTACAGTAGGG,7326,0.10833249291609601,No Hit,lsu rna bryozoa
>,358,_,SRR11096630_1_val_1,CAACTCTTAACAATGGATATCTTGGTTCTCGCAACGATGAAGAACGCAGC,4987731,11.907031056109396,No Hit,-
>,359,_,SRR11096630_1_val_1,AAAAATTTTTATAATCGATAGTGAAAAGTACTGTGAAGGAACGTTGAAAA,1015818,2.4250258230355515,No Hit,-
>,360,_,SRR11096630_1_val_1,AGAAGTGAAAAGAACATGAAATTTGATATTAATAACTTGTTGAAGTTTTG,827999,1.9766522708276617,No Hit,-
>,361,_,SRR11096630_1_val_1,TTTATCTAACTTTTTTTTAAACTGTACTGAAAACCAACACAGGTAACTAT,610468,1.4573483282801318,No Hit,-
>,362,_,SRR11096630_1_val_1,TAAAAGGTAGAGCTCTTTTAAAACAAAATTTATATAAGTTTTGAAAAACT,582701,1.3910611665757437,No Hit,-
>,363,_,SRR11096630_1_val_1,TTTAAACTGTACTGAAAACCAACACAGGTAACTATTTAGACGTTGGGGTA,501595,1.1974397261177863,No Hit,-
>,364,_,SRR11096630_1_val_1,TATCTAACTTTTTTTTAAACTGTACTGAAAACCAACACAGGTAACTATTT,477284,1.1394029490732593,No Hit,-
>,365,_,SRR11096630_1_val_1,TATAAAAAGTAAAAAAAAACCAGTTATTTTTTTTGAATATTTATGGGGTA,462409,1.1038923958859228,No Hit,-
>,366,_,SRR11096630_1_val_1,CATTGTCGTCTAAACAAAAAGGTTTTCTATGAAAAAGTTTATCTGCATAG,443485,1.0587158104393912,No Hit,-
>,367,_,SRR11096630_1_val_1,TTTTAAACTGTACTGAAAACCAACACAGGTAACTATTTAGACGTTGGGGT,408024,0.9740610389048607,No Hit,-
>,368,_,SRR11096630_1_val_1,TAGAAGTGAAAAGAACATGAAATTTGATATTAATAACTTGTTGAAGTTTT,300281,0.7168500451527128,No Hit,-
>,369,_,SRR11096630_1_val_1,AGTTTATTTTTGCAGTCAGACTTTATTGCGCTAAGGTTTAAAGTCAAGAG,286134,0.6830774202154859,No Hit,-
>,370,_,SRR11096630_1_val_1,AAAAATCAATAAACGGCAGTCGTAACTCTAACGATTCTAAGGTAGCAAAA,282444,0.6742684157609466,No Hit,-
>,371,_,SRR11096630_1_val_1,CTCGTTCTCAGATCAGGCGAGATTACCCGCTGAACTTAAGCATATCACTA,275303,0.6572209629669453,No Hit,-
>,372,_,SRR11096630_1_val_1,AAAATTTTTATAATCGATAGTGAAAAGTACTGTGAAGGAACGTTGAAAAG,270329,0.6453467114339159,No Hit,-
>,373,_,SRR11096630_1_val_1,TAAGGAACTCGGCAAAAAAATTCTCTAACTTAGGGATAAAGAAAGCCTCT,254404,0.6073295309627673,No Hit,-
>,374,_,SRR11096630_1_val_1,TTTAGTATTAAAAGAATGTAAAAAGGATTTTGCTAGAAGATAAGCTTAGA,249410,0.5954075341481415,No Hit,-
>,375,_,SRR11096630_1_val_1,TTTGTATCATGGACTAGCAAGTTTATTTTTGCAGCAAGCTTAAGTTAAAA,247252,0.5902558182638881,No Hit,-
>,376,_,SRR11096630_1_val_1,TATATAAAAAGTAAAAAAAAACCAGTTATTTTTTTTGAATATTTATGGGG,246147,0.5876178914556859,No Hit,-
>,377,_,SRR11096630_1_val_1,TAAACTGTACTGAAAACCAACACAGGTAACTATTTAGACGTTGGGGTAAT,203770,0.48645280154511367,No Hit,-
>,378,_,SRR11096630_1_val_1,AAATTTAGTATTAAAAGAATGTAAAAAGGATTTTGCTAGAAGATAAGCTT,202166,0.48262362996108094,No Hit,-
>,379,_,SRR11096630_1_val_1,TTCAAGCGAATAAGGGCTTAAGTTGGATACCTTGGCATTCAGAAGCGATG,199394,0.4760061339318173,No Hit,-
>,380,_,SRR11096630_1_val_1,TTTTGTATCATGGACTAGCAAGTTTATTTTTGCAGCAAGCTTAAGTTAAA,193884,0.46285230885200385,No Hit,-
>,381,_,SRR11096630_1_val_1,TACCTGGTTGATCCTGCCAGTAGTCATATGCTTGTCTTAAGGATTAAGCC,184311,0.4399990298158779,No Hit,18S rna
>,382,_,SRR11096630_1_val_1,CTTTTGTATCATGGACTAGCAAGTTTATTTTTGCAGCAAGCTTAAGTTAA,176182,0.42059296011101355,No Hit,-
>,383,_,SRR11096630_1_val_1,AGAGTTGGCCTGCCGGCTCCTCTGCGCCTAAACAGCCCCATCCACCTCTC,175907,0.41993646248906275,No Hit,-
>,384,_,SRR11096630_1_val_1,TTTGAATATTTATGGGGTACCATTCCTCAAACTCTAAAAAAATTTTTATA,174826,0.41735583001877635,No Hit,-
>,385,_,SRR11096630_1_val_1,TGCGGACTCGCGTAGAGCCGGGTATAAATCCGTTCTAGGAACTGGGTGCC,171657,0.4097905901498238,No Hit,-
>,386,_,SRR11096630_1_val_1,TTTGTTTTGGACCGAATTTCCAACCTGGAAGAATAGAATGCCTAGCATTC,156187,0.37285961483499375,No Hit,-
>,387,_,SRR11096630_1_val_1,AAATTTAACTAATTAAATTGAAAGTGAAAGTTTTTTAGTTTGATTGGGGC,151590,0.3618853618600569,No Hit,-
>,388,_,SRR11096630_1_val_1,ACAACTCTTAACAATGGATATCTTGGTTCTCGCAACGATGAAGAACGCAG,150511,0.35930950391793004,No Hit,-
>,389,_,SRR11096630_1_val_1,TTTTGGACCGAATTTCCAACCTGGAAGAATAGAATGCCTAGCATTCCTTC,149887,0.3578198511321218,No Hit,-
>,390,_,SRR11096630_1_val_1,TTATTTTTTTTGAATATTTATGGGGTACCATTCCTCAAACTCTAAAAAAA,137818,0.3290079609527628,No Hit,-
>,391,_,SRR11096630_1_val_1,TTTTCTCTGCTTTGTTTATTTATTTTTGTTTTGGACCGAATTTCCAACCT,137636,0.3285734788902354,No Hit,-
>,392,_,SRR11096630_1_val_1,TAAAAAAAAACCAGTTATTTTTTTTGAATATTTATGGGGTACCATTCCTC,134388,0.320819645158977,No Hit,-
>,393,_,SRR11096630_1_val_1,AATGAGAACTTTGAAGACCGAAGTGGAGAAAGGTTCCATGTGAACAGCAA,130750,0.3121347784365884,No Hit,lsu rna
>,394,_,SRR11096630_1_val_1,CATGCACAAAGGTCCGACTTACGAAGGACTGTATTTATTAGATTCCAAGC,128969,0.3078830611104273,No Hit,-
>,395,_,SRR11096630_1_val_1,TTTGGACCGAATTTCCAACCTGGAAGAATAGAATGCCTAGCATTCCTTCC,115990,0.27689876061843127,No Hit,-
>,396,_,SRR11096630_1_val_1,TTTTTTGTTTAGTATAAGTGGTAGCTGTTTGAATCCTTAACGCAAGTTAA,112960,0.2696653504565738,No Hit,-
>,397,_,SRR11096630_1_val_1,ATTAAAAATTGTGAAATAAAACATTTTAGTAACAAAGAAGAAATCAACCG,110813,0.2645398944771982,No Hit,-
>,398,_,SRR11096630_1_val_1,CAGTCAGACTTTATTGCGCTAAGGTTTAAAGTCAAGAGGGAAACAGCCCA,108997,0.2602046229082434,No Hit,-
>,399,_,SRR11096630_1_val_1,AAGACAACTCTTAACAATGGATATCTTGGTTCTCGCAACGATGAAGAACG,98828,0.23592853448054424,No Hit,-
>,400,_,SRR11096630_1_val_1,CAAAGACAACTCTTAACAATGGATATCTTGGTTCTCGCAACGATGAAGAA,95460,0.22788822905970726,No Hit,-
>,401,_,SRR11096630_1_val_1,TGAATATTTATGGGGTACCATTCCTCAAACTCTAAAAAAATTTTTATAAT,95302,0.2275110413350956,No Hit,-
>,402,_,SRR11096630_1_val_1,ATTTAGTATTAAAAGAATGTAAAAAGGATTTTGCTAGAAGATAAGCTTAG,93192,0.2224739141266734,No Hit,-
>,403,_,SRR11096630_1_val_1,TTAGTATTAAAAGAATGTAAAAAGGATTTTGCTAGAAGATAAGCTTAGAA,91587,0.2186423552785608,No Hit,-
>,404,_,SRR11096630_1_val_1,AAAACCAGTTATTTTTTTTGAATATTTATGGGGTACCATTCCTCAAACTC,90395,0.21579673649541423,No Hit,-
>,405,_,SRR11096630_1_val_1,AGTGTTGAATTTTGAATCAAGAAAGCTTTTACGGTTTTTTTGCTAAAAAT,85038,0.2030081628198134,No Hit,-
>,406,_,SRR11096630_1_val_1,AAAAATTGAAAATGTTAGTATGAGTAACGATAAACAATGTAAGAATCATT,84067,0.2006901293983073,No Hit,-
>,407,_,SRR11096630_1_val_1,TTAAAAATAACTTGAGTTAAAAAGAAGACTATAGAATTTCAAGTGAAAGA,83937,0.20037978506793055,No Hit,-
>,408,_,SRR11096630_1_val_1,AAAAAATTTTTATAATCGATAGTGAAAAGTACTGTGAAGGAACGTTGAAA,82002,0.19576042907347704,No Hit,-
>,409,_,SRR11096630_1_val_1,TACCGAAGACATAAACTTGAAAAAGTGGTAGCAAGACGTTTTTTAGTTTT,77200,0.18429678696217686,No Hit,-
>,410,_,SRR11096630_1_val_1,AAAGCGACTTTGTTTCTGTAGAAGAATTGGCAGCAAGAGGAGATAATGCA,76862,0.18348989170319738,No Hit,-
>,411,_,SRR11096630_1_val_1,TAATTATATAAAAAGTAAAAAAAAACCAGTTATTTTTTTTGAATATTTAT,75302,0.1797657597386767,No Hit,-
>,412,_,SRR11096630_1_val_1,TTCTCTGCTTTGTTTATTTATTTTTGTTTTGGACCGAATTTCCAACCTGG,74888,0.17877743240963084,No Hit,-
>,413,_,SRR11096630_1_val_1,TTAAACTGTACTGAAAACCAACACAGGTAACTATTTAGACGTTGGGGTAA,73379,0.17517505091318103,No Hit,-
>,414,_,SRR11096630_1_val_1,AAAGAATGTAAAAAGGATTTTGCTAGAAGATAAGCTTAGAATCAGCTATT,73291,0.17496497167415678,No Hit,-
>,415,_,SRR11096630_1_val_1,TAGAACTGTAACGGACAAGGGGAATCCGACTGTTTAATTAAAACAGAGCA,69379,0.16562599459389726,No Hit,-
>,416,_,SRR11096630_1_val_1,TAAACTTCTGCGAAAGCATTCGGCAAGGATGTTTTCATTGATCAAGAACG,68769,0.16416976350520648,No Hit,-
>,417,_,SRR11096630_1_val_1,TATTCAAATGAGAACTTTGAAGACCGAAGTGGAGAAAGGTTCCATGTGAA,68403,0.16329602485199202,No Hit,-
>,418,_,SRR11096630_1_val_1,TTTAAGGAACTCGGCAAAAAAATTCTCTAACTTAGGGATAAAGAAAGCCT,68249,0.1629283861836996,No Hit,-
>,419,_,SRR11096630_1_val_1,TTTGCAGTCAGACTTTATTGCGCTAAGGTTTAAAGTCAAGAGGGAAACAG,68170,0.16273979232139374,No Hit,-
>,420,_,SRR11096630_1_val_1,AAAAATTTAGTATTAAAAGAATGTAAAAAGGATTTTGCTAGAAGATAAGC,67418,0.16094456973336838,No Hit,-
>,421,_,SRR11096630_1_val_1,TGCGGACTCGCGTGGAGCCGGGTATAAATCCGTTCTAGGAACTGGGTGCC,66329,0.15834483915044337,No Hit,-
>,422,_,SRR11096630_1_val_1,TTAGTCGGTCCTAAGAGATAGGGGAACTCCGTGTTAAGGGGGCCATCTGG,65949,0.15743767880011142,No Hit,-
>,423,_,SRR11096630_1_val_1,AAACAAAATTTATATAAGTTTTGAAAAACTTCAAATGTTTATAAGTTTAT,64860,0.1548379482171864,No Hit,-
>,424,_,SRR11096630_1_val_1,TATTAATAACTTGTTGAAGTTTTGTCTTATAAAGACAGAATGCCAATTTA,64843,0.15479736472782946,No Hit,-
>,425,_,SRR11096630_1_val_1,CCACCGACGCCCACGGGCTTGTCGACAACGAGGCGTTCGTGCGCCAGCAG,64365,0.15365625249767503,No Hit,-
>,426,_,SRR11096630_1_val_1,ATTTATTTTTGTTTTGGACCGAATTTCCAACCTGGAAGAATAGAATGCCT,62647,0.14955493280854265,No Hit,-
>,427,_,SRR11096630_1_val_1,TTTTACCGAAGACATAAACTTGAAAAAGTGGTAGCAAGACGTTTTTTAGT,61122,0.14591435508681572,No Hit,-
>,428,_,SRR11096630_1_val_1,TAAAAAGTAAAAAAAAACCAGTTATTTTTTTTGAATATTTATGGGGTACC,58330,0.13924911377595564,No Hit,-
>,429,_,SRR11096630_1_val_1,AACAGCAATTGGACATGGGTTAGTCGGTCCTAAGAGATAGGGGAACTCCG,56320,0.13445071297551556,No Hit,-
>,430,_,SRR11096630_1_val_1,TATCAAAGATTCATTGGATTAAATTTTTTACCGAAGACATAAACTTGAAA,53079,0.12671359009281585,No Hit,-
>,431,_,SRR11096630_1_val_1,TATCATGGAGAGTTTGATCCTGGCTCAGGATGAACGCTGGCGGTATGCTT,52993,0.12650828538195127,No Hit,-
>,432,_,SRR11096630_1_val_1,AAGTGAAAAGAACATGAAATTTGATATTAATAACTTGTTGAAGTTTTGTC,52918,0.1263292405759647,No Hit,-
>,433,_,SRR11096630_1_val_1,CATTTTATATTGACTTTTTATATCAAAGATTCATTGGATTAAATTTTTTA,52078,0.12432393874891512,No Hit,-
>,434,_,SRR11096630_1_val_1,CCCTGTTGAGCTTGACTCTAGTCCGACATTGTGAAATGACTTAAGAGGTG,51090,0.121965321838052,No Hit,-
>,435,_,SRR11096630_1_val_1,GAAGTGAAAAGAACATGAAATTTGATATTAATAACTTGTTGAAGTTTTGT,49041,0.1170738177384989,No Hit,-
>,436,_,SRR11096630_1_val_1,TATTGACTTTTTATATCAAAGATTCATTGGATTAAATTTTTTACCGAAGA,47223,0.11273377164138443,No Hit,-
>,437,_,SRR11096630_1_val_1,AAAGGATTTAAGATTAGATCATATGACATTAAGCGATTCCCTTGGGTATA,46684,0.11144703630236094,No Hit,-
>,438,_,SRR11096630_1_val_1,TAGTATTAAAAGAATGTAAAAAGGATTTTGCTAGAAGATAAGCTTAGAAT,46497,0.11100061791943443,No Hit,-
>,439,_,SRR11096630_1_val_1,TAAAAATTGTGAAATAAAACATTTTAGTAACAAAGAAGAAATCAACCGAG,45895,0.10956348494338222,No Hit,-
>,440,_,SRR11096630_1_val_1,AAAGGTAGAGCTCTTTTAAAACAAAATTTATATAAGTTTTGAAAAACTTC,45770,0.1092650769334046,No Hit,-
>,441,_,SRR11096630_1_val_1,AGTATGAGTAACGATAAACAATGTAAGAATCATTGTCGTCTAAACAAAAA,42271,0.10091203991811112,No Hit,-
>,442,_,SRR11096630_1_val_1,TTAAGGAACTCGGCAAAAAAATTCTCTAACTTAGGGATAAAGAAAGCCTC,42195,0.10073060784804473,No Hit,-
>,443,_,SRR11096630_2_val_2,ACCGTCCCTCAGACAGACGTGCTCATGCACCAACATGAGCGCAATATGCG,5074857,12.115023826327874,No Hit,-
>,444,_,SRR11096630_2_val_2,AAAAAAGATTCTTTTCAACGTTCCTTCACAGTACTTTTCACTATCGATTA,1370181,3.2709838841531407,No Hit,-
>,445,_,SRR11096630_2_val_2,AGCAAAAAAACCGTAAAAGCTTTCTTGATTCAAAATTCAACACTGGGCAG,600299,1.4330722398524327,No Hit,-
>,446,_,SRR11096630_2_val_2,AAAAAGATTCTTTTCAACGTTCCTTCACAGTACTTTTCACTATCGATTAT,487336,1.1633997276036194,No Hit,-
>,447,_,SRR11096630_2_val_2,GGTTTTGTGTTTTTAAAAAACAGTCGCTATCCACTTTTTATTATACCTCG,419926,1.0024742559828896,No Hit,-
>,448,_,SRR11096630_2_val_2,AAAATAAACTTGCTAGTCCATGATACAAAAGGTAAATTGGCATTCTGTCT,401866,0.9593602667013235,No Hit,-
>,449,_,SRR11096630_2_val_2,ATTCTTGCAACTTTTTTGTTTCTATACTTGTGTTAACTAAGCCTACGTTT,401007,0.9573096068567571,No Hit,-
>,450,_,SRR11096630_2_val_2,CTTGCAACTTTTTTGTTTCTATACTTGTGTTAACTAAGCCTACGTTTTTT,367187,0.8765723356772128,No Hit,-
>,451,_,SRR11096630_2_val_2,TTTTTAATCTTTTATTTTTCAACAAAAGGTAAAACTAAAAAACGTCTTGC,337553,0.8058281519357989,No Hit,-
>,452,_,SRR11096630_2_val_2,CGTGAAGTTCATTTATGTTGCCATGCAATATCCACACGCTGGTCCGGGAA,308447,0.7363444436285307,No Hit,-
>,453,_,SRR11096630_2_val_2,GGTTTCGGGTTTTATTCTTGCAACTTTTTTGTTTCTATACTTGTGTTAAC,281742,0.6725925563769123,No Hit,-
>,454,_,SRR11096630_2_val_2,ATAAAAAATAACAATGAAAATTTATAGTTAAGGTTTATAGGGTCTTTCCG,260715,0.6223955545705173,No Hit,-
>,455,_,SRR11096630_2_val_2,GGTCCGTACTCGTCACGCGCAGCTCACCGAGTCAAAGACGGGGCTCTAAC,256760,0.6129539251348255,No Hit,-
>,456,_,SRR11096630_2_val_2,TCTTTTATTTGTATTCCAACAGACAGTTCTGAAAAGATTCAGAACTTACC,239343,0.5713749466565842,No Hit,-
>,457,_,SRR11096630_2_val_2,TGCAACTTTTTTGTTTCTATACTTGTGTTAACTAAGCCTACGTTTTTTTA,226163,0.5399108060845441,No Hit,-
>,458,_,SRR11096630_2_val_2,GGTTAACAATCTTTGTCATTTTATTTATACTTTCTTTTAATTTTAAAACC,224018,0.5347901246333281,No Hit,-
>,459,_,SRR11096630_2_val_2,ATTCAAAATTCAACACTGGGCAGGCGTCAAACCTTATACATTATTTTACA,215736,0.5150188035242511,No Hit,-
>,460,_,SRR11096630_2_val_2,CCTATAGACTACAATTCCGAAGATTTTCAGCTTGAGCTCCTCCCGGTTCA,191528,0.4572279146799457,No Hit,-
>,461,_,SRR11096630_2_val_2,GGGCAGGCGTCAAACCTTATACATTATTTTACAATTTAGCAAGGTTTTGT,182471,0.4356064639090074,No Hit,-
>,462,_,SRR11096630_2_val_2,AGTTTATGTCTTCGGTAAAAAATTTAATCCAATGAATCTTTGATATAAAA,180036,0.42979347587464345,No Hit,-
>,463,_,SRR11096630_2_val_2,AGAGAGTTTCCTCATTCGGGTACCTCCGGATCAAAGCTTACTTCCAGCTC,180010,0.4297314070085681,No Hit,-
>,464,_,SRR11096630_2_val_2,AATTTAATCCAATGAATCTTTGATATAAAAAGTCAATATAAAATGCTAGT,178299,0.42564679816799444,No Hit,-
>,465,_,SRR11096630_2_val_2,CCTTATACATTATTTTACAATTTAGCAAGGTTTTGTGTTTTTAAAAAACA,173926,0.41520729234693743,No Hit,-
>,466,_,SRR11096630_2_val_2,AAAAATTTAATCCAATGAATCTTTGATATAAAAAGTCAATATAAAATGCT,171417,0.4092176467706667,No Hit,-
>,467,_,SRR11096630_2_val_2,TTTAAAAAACAGTCGCTATCCACTTTTTATTATACCTCGTTTAAGAGGCT,158650,0.37873944626359274,No Hit,-
>,468,_,SRR11096630_2_val_2,AGCAACGATGTCCGATCAACCGCTCACCACGTGAGTTCAGAGTCTACCTT,158029,0.3772569552700239,No Hit,-
>,469,_,SRR11096630_2_val_2,TATTTATACTTTCTTTTAATTTTAAAACCCATCAATAAAAACCTAGCGAT,155978,0.37236067664231115,No Hit,-
>,470,_,SRR11096630_2_val_2,AATAAACTTGCTAGTCCATGATACAAAAGGTAAATTGGCATTCTGTCTTT,152351,0.3637020698248006,No Hit,-
>,471,_,SRR11096630_2_val_2,GGTAAATTGGCATTCTGTCTTTATAAGACAAAACTTCAACAAGTTATTAA,151684,0.36210976468356004,No Hit,-
>,472,_,SRR11096630_2_val_2,ACAGATCCTACAACCAAGGCTTAATCTCAGCAGATCGTAGCAACAAGGCT,149721,0.3574235652948715,No Hit,-
>,473,_,SRR11096630_2_val_2,AGTAACATAGAAAAACTATAAAAACACCTTCTAGATTTTTTTTTTTTTTT,124452,0.2970997892618761,No Hit,-
>,474,_,SRR11096630_2_val_2,AAACAACGATGGGGCATGTATTAGCTCTAGAATTCCTACGGTTATCCACG,119830,0.28606585468494367,No Hit,-
>,475,_,SRR11096630_2_val_2,AAAAGTAACATAGAAAAACTATAAAAACACCTTCTAGATTTTTTTTTTTT,119102,0.284327926434834,No Hit,-
>,476,_,SRR11096630_2_val_2,TAAAAAATAACAATGAAAATTTATAGTTAAGGTTTATAGGGTCTTTCCGT,119000,0.2840844254986923,No Hit,-
>,477,_,SRR11096630_2_val_2,ACCGTTCCTCAGACAGACGTGCTCATGCACCAACATGAGCGCAATATGCG,114380,0.27305526544991954,No Hit,-
>,478,_,SRR11096630_2_val_2,AGGTAAATTGGCATTCTGTCTTTATAAGACAAAACTTCAACAAGTTATTA,108273,0.25847624371445305,No Hit,-
>,479,_,SRR11096630_2_val_2,GCAAGGTTTTGTGTTTTTAAAAAACAGTCGCTATCCACTTTTTATTATAC,106833,0.25503858343951086,No Hit,-
>,480,_,SRR11096630_2_val_2,AACATTTTCAATTTTTTTTTTAATCTTTTATTTTTCAACAAAAGGTAAAA,106109,0.2533102042457205,No Hit,-
>,481,_,SRR11096630_2_val_2,GTTTATCTTACAGTCAAATAAGCTTATGCTATTACACTCTAAAAATCGCT,102644,0.24503833420914095,No Hit,-
>,482,_,SRR11096630_2_val_2,ATCAATCAATTAGTACAAATTTATTAATAACATTACTATTTTTATAAACT,101515,0.2423431130630231,No Hit,-
>,483,_,SRR11096630_2_val_2,ATTCATCGTTTACGTTTTAGACTAGTAGGGTTTCTAATCCTATTTGCTAC,99301,0.23705771039029952,No Hit,-
>,484,_,SRR11096630_2_val_2,TTTAATCTTTTATTTTTCAACAAAAGGTAAAACTAAAAAACGTCTTGCTA,93596,0.22343836881492102,No Hit,-
>,485,_,SRR11096630_2_val_2,CGTTTATTGATTTTTAGCAAAAAAACCGTAAAAGCTTTCTTGATTCAAAA,89817,0.21441689785727772,No Hit,-
>,486,_,SRR11096630_2_val_2,TAAACTTTTTTTACGCAATACTTAAATATTTTTCGCAAGAAACCAGCTAT,85590,0.2043259325918746,No Hit,-
>,487,_,SRR11096630_2_val_2,CAAAAATAAACTTGCTAGTCCATGATACAAAAGGTAAATTGGCATTCTGT,84085,0.20073310015174406,No Hit,-
>,488,_,SRR11096630_2_val_2,GTAAATTGGCATTCTGTCTTTATAAGACAAAACTTCAACAAGTTATTAAT,82682,0.19738376864775528,No Hit,-
>,489,_,SRR11096630_2_val_2,AACTTTGCCTATTTTATTAAGTAATTGTCTTTTACTTTTAAAAAAGAATT,80749,0.19276918718146138,No Hit,-
>,490,_,SRR11096630_2_val_2,CTAGTATGTTTTTACTCATTTTTTAAAGAATAGCTGATTCTAAGCTTATC,80378,0.19188351220784783,No Hit,-
>,491,_,SRR11096630_2_val_2,TCTTTTAATTTTAAAACCCATCAATAAAAACCTAGCGATTTTTTTTTTAG,79270,0.18923842360740623,No Hit,-
>,492,_,SRR11096630_2_val_2,TATAAACATTTGAAGTTTTTCAAAACTTATATAAATTTTGTTTTAAAAGA,78921,0.1884052684435487,No Hit,-
>,493,_,SRR11096630_2_val_2,GCTAGTCCATGATACAAAAGGTAAATTGGCATTCTGTCTTTATAAGACAA,78383,0.18712092036860503,No Hit,-
>,494,_,SRR11096630_2_val_2,ATAAACTTGCTAGTCCATGATACAAAAGGTAAATTGGCATTCTGTCTTTA,77580,0.1852039473125088,No Hit,-
>,495,_,SRR11096630_2_val_2,CAATTTAGCAAGGTTTTGTGTTTTTAAAAAACAGTCGCTATCCACTTTTT,74434,0.17769361451739213,No Hit,-
>,496,_,SRR11096630_2_val_2,GCAATGCAGAAGGGCTCAAGCCGGTCGCTATGCGCGCTCTTTGTGCCTCG,71804,0.17141510998746304,No Hit,-
>,497,_,SRR11096630_2_val_2,GGAAAGTCGTTACGCCATTCATGCAGGTCAACAATTAATTGACTAGGAAT,69758,0.1665307676801494,No Hit,-
>,498,_,SRR11096630_2_val_2,CTATTTTAAAAAAGCAAATTATTACAAATGGTTAACAATCTTTGTCATTT,65840,0.15717746701541094,No Hit,-
>,499,_,SRR11096630_2_val_2,TTTTTTATGGACCTTAAACAATAATCTGGGCTGTTTCCCTCTTGACTTTA,65803,0.15708913824445755,No Hit,-
>,500,_,SRR11096630_2_val_2,GGTAAGCCTTTACCTTACCAACTAGCTAATCAGACGCGAGCTCCTCCTTA,64717,0.15449656945377202,No Hit,-
>,501,_,SRR11096630_2_val_2,TGAGCGCAATATGCGTTCAAAATTTCGATGATTCACTGAGCCCTGCAATT,63440,0.15144803322384065,No Hit,-
>,502,_,SRR11096630_2_val_2,TTAGAGTTTGAGGAATGGTACCCCATAAATATTCAAAAAAAATAACTGGT,60727,0.14497138577528645,No Hit,-
>,503,_,SRR11096630_2_val_2,AGCAAGGTTTTGTGTTTTTAAAAAACAGTCGCTATCCACTTTTTATTATA,59803,0.1427655537655319,No Hit,-
>,504,_,SRR11096630_2_val_2,AGAATTTACAAAGAAAGGTTTTCTTGCATTTATAGATTTCAGCAATTAAA,57753,0.13787166240189896,No Hit,-
>,505,_,SRR11096630_2_val_2,TAAAAGAGCTCTACCTTTTATAAACTTTTTTTACGCAATACTTAAATATT,57448,0.1371435468575536,No Hit,-
>,506,_,SRR11096630_2_val_2,ATCTTTGTCATTTTATTTATACTTTCTTTTAATTTTAAAACCCATCAATA,55622,0.13278440264780053,No Hit,-
>,507,_,SRR11096630_2_val_2,CTGGGATTATCTTTGAGACAGTTGGAAAGTCGTTACGCCATTCATGCAGG,51663,0.12333322415578941,No Hit,-
>,508,_,SRR11096630_2_val_2,GCTCATGTTCTCCCCAGGGAAGATGATCCCAGGGTACTGCCGCCGCAGAA,49303,0.117699280927412,No Hit,-
>,509,_,SRR11096630_2_val_2,GCACTGGGCAGAAATCACATTGTGTCAACACCCGCTAGGGCCATCACAAT,49142,0.11731493141056082,No Hit,28S rna
>,510,_,SRR11096630_2_val_2,TATAAACTTTTTTTACGCAATACTTAAATATTTTTCGCAAGAAACCAGCT,47940,0.11444543998661603,No Hit,-
>,511,_,SRR11096630_2_val_2,CCGTCTTGTTTATATAATTACGCATCTTCACGCAAAATTTAATTTCACTG,47316,0.11295578720080778,No Hit,-
>,512,_,SRR11096630_2_val_2,GGAAAGCGTTGTCAGATTGGTCTAAAAATCCTTTTGAAAGAGCTTGAGAT,47096,0.11243058910324717,No Hit,-
>,513,_,SRR11096630_2_val_2,AAGTAACATAGAAAAACTATAAAAACACCTTCTAGATTTTTTTTTTTTTT,45789,0.10931043495092119,No Hit,-
>,514,_,SRR11096630_2_val_2,CTTCCCAAAAGGGAAGAATGACTTTCAACTTAACAAACTACCCTCTTTCG,45789,0.10931043495092119,No Hit,-
>,515,_,SRR11096630_2_val_2,AGTTATTAATATCAAATTTCATGTTCTTTTCACTTCTAAAAAAGATTCTT,45364,0.1082958477169973,No Hit,-
>,516,_,SRR11096630_2_val_2,CATAGAAAACCTTTTTGTTTAGACGACAATGATTCTTACATTGTTTATCG,45257,0.10804041046045644,No Hit,-
>,517,_,SRR11096630_2_val_2,AGGTAAAACTAAAAAACGTCTTGCTACCACTTTTTCAAGTTTATGTCTTC,44138,0.10536906195513683,No Hit,-
>,518,_,SRR11096630_2_val_2,TAAAAGTAACATAGAAAAACTATAAAAACACCTTCTAGATTTTTTTTTTT,43785,0.10452635773496002,No Hit,-
>,519,_,SRR11096630_2_val_2,AATTGGCATTCTGTCTTTATAAGACAAAACTTCAACAAGTTATTAATATC,43294,0.10335421107176793,No Hit,-
>,520,_,SRR11096630_2_val_2,CATCAGTGTAGCGCGCGTGCGGCCCAGAACATCTAAGGGCATCACAGACC,43166,0.10304864126955085,No Hit,16S rna rna
>,521,_,SRR11096630_2_val_2,ATTCTTACATTGTTTATCGTTACTCATACTAACATTTTCAATTTTTTTTT,42941,0.10251150685159115,No Hit,-
>,522,_,SRR11096630_2_val_2,AGTCAATATAAAATGCTAGTATGTTTTTACTCATTTTTTAAAGAATAGCT,42849,0.10229187855624762,No Hit,-
>,523,_,SRR11096630_2_val_2,GGTAGGCCTCTATCCTACCATCGAAAGTTGATAGGGCAGAAATTTGAATG,42846,0.10228471676400816,No Hit,-
>,524,_,SRR11096630_2_val_2,AGCGCAATATGCGTTCAAAATTTCGATGATTCACTGAGCCCTGCAATTCA,42200,0.10074254416844383,No Hit,-
>,525,_,SRR11096631_1_val_1,TATGGCTATTACTAATAAGAAATGCTGGAAAGAGACTTGGAACTTATGAC,30222,0.412506669349193,No Hit,-
>,526,_,SRR11096631_1_val_1,TATGGCTACTACTAATAAGAAAATGCTGGAAAGAGACTCTGAACTTATGA,28724,0.39206014063881345,No Hit,-
>,527,_,SRR11096631_1_val_1,TGGTGTCAGCATCTGGCTATGGCTATGGTAAGCACAGAGGATATGGAACT,18643,0.25446237299573177,No Hit,-
>,528,_,SRR11096631_1_val_1,GTTATGGCCACAGACGCGGCTATGGCTATGGCTACAAGAAAAGCTATGGC,17412,0.23766018551744256,No Hit,-
>,529,_,SRR11096631_1_val_1,TATGGCTACAAGAAAAGCTATGGCTACTACTAATAAGAAAATGCTGGAAA,15775,0.21531641549148037,No Hit,-
>,530,_,SRR11096631_1_val_1,CACGACCTCAGATCGGACGCGACTACCCGCTGAACTTAAGCATATCAGTA,13416,0.18311790999896677,No Hit,-
>,531,_,SRR11096631_1_val_1,TATTCACCGGTCTAACTTTAAACACATACATTGCCAAAGCCCATTTCTAT,13165,0.17969195625643986,No Hit,COI bryozoa
>,532,_,SRR11096631_1_val_1,ACGAGTAGGAGGGCGTGTCGGTGGCGCTGAAGCGTAGTGCGCGAGCACGC,12424,0.16957788564603182,No Hit,lsu rna bryozoa
>,533,_,SRR11096631_1_val_1,TATGGCCACAGACGCGGCTATGGCTATGGCTACAAGAAAAGCTATGGCTA,11372,0.15521890820723389,No Hit,-
>,534,_,SRR11096631_1_val_1,CACATGAGCTCCCAAGATACGGTTTAAAGGTCGGGTTGACCAACTATGCC,10775,0.14707032500289705,No Hit,-
>,535,_,SRR11096631_1_val_1,TTAGACTAGCTCCTGGTGGACATGTTGGTAGATTCTGTATCTGGACTGAG,9401,0.12831629933663435,No Hit,-
>,536,_,SRR11096631_1_val_1,TGGCGTTGACGGATAACAGAGAATCTGGGTTCGATTCTGGAGAGGCCGCA,7879,0.10754218939190958,No Hit,ssu rna bryozoa
>,537,_,SRR11096631_1_val_1,AAAGAGACTCTGAACTTATGACACAAAACTGGAAATCGACTTAGAAATTC,7870,0.10741934642903014,No Hit,-
>,538,_,SRR11096631_1_val_1,TGGTATTGGAACAGTGCCTGTTGGCCGAGTAGAAACTGGTGTCATCAAAC,7498,0.10234183729667953,No Hit,-
>,539,_,SRR11096631_1_val_1,CGCCGCGTGGAGGAGGATCACAGCAACACCGAGCTGGGCATCGTGGAGTA,133291,1.8193179294627517,No Hit,-
>,540,_,SRR11096631_1_val_1,ACAAAAATTACCATAACAACAACAAAATTAACTTCAATGTGTTTAGTCTT,41437,0.5655826503150854,No Hit,-
>,541,_,SRR11096631_1_val_1,ACAAAAATTACCATAACAACAACAAAATTAACTTCAATGTGTTTAGTTTT,30975,0.4227845305767737,No Hit,-
>,542,_,SRR11096631_1_val_1,GCCATAGCTTTTACGGTTGTAGCCACCGTAGTACTTGCCAGTTCCATATC,14173,0.19345036809893826,No Hit,-
>,543,_,SRR11096631_1_val_1,CGTCGCGGCAAGCCGCCACCGAAACGCCACATTGCACTGCGACCGGAGGC,13561,0.18509704662313567,No Hit,28S rna bryozoa
>,544,_,SRR11096631_1_val_1,ACAAAGTTCTCATTTGTATACTTGCTACTACCACCAAGATCTGCACTGAA,13018,0.17768552119607553,No Hit,lsu rna bryozoa
>,545,_,SRR11096631_1_val_1,GGAGTGAATTTCTAAGTCGATTCCCAGTTTTGTGTCATAAGTTCCAAGTC,11071,0.15111049355982117,No Hit,-
>,546,_,SRR11096631_1_val_1,AAAATTACCATAACAACAACAAAATTAACTTCAATGTGTTTAGTCTTTTA,10758,0.14683828829523587,No Hit,-
>,547,_,SRR11096631_1_val_1,ATTAACTTCAATGTGTTTAGTTTTTTAGGAGTGAATTTCTAAGTCGATTC,8186,0.11173249934790862,No Hit,-
>,548,_,SRR11096631_1_val_1,AGGAGTGAATTTCTAAGTCGATTCCCAGTTTTGTGTCATAAGTTCCAAGT,7901,0.10784247219005935,No Hit,-
>,549,_,SRR11096631_2_val_2,CGCCGCGTGGAGGAGGATCACAGCAACACCGAGCTGGGCATCGTGGAGTA,133291,1.8193179294627517,No Hit,-
>,550,_,SRR11096631_2_val_2,ACAAAAATTACCATAACAACAACAAAATTAACTTCAATGTGTTTAGTCTT,41437,0.5655826503150854,No Hit,-
>,551,_,SRR11096631_2_val_2,ACAAAAATTACCATAACAACAACAAAATTAACTTCAATGTGTTTAGTTTT,30975,0.4227845305767737,No Hit,-
>,552,_,SRR11096631_2_val_2,GCCATAGCTTTTACGGTTGTAGCCACCGTAGTACTTGCCAGTTCCATATC,14173,0.19345036809893826,No Hit,-
>,553,_,SRR11096631_2_val_2,CGTCGCGGCAAGCCGCCACCGAAACGCCACATTGCACTGCGACCGGAGGC,13561,0.18509704662313567,No Hit,28S rna bryozoa
>,554,_,SRR11096631_2_val_2,ACAAAGTTCTCATTTGTATACTTGCTACTACCACCAAGATCTGCACTGAA,13018,0.17768552119607553,No Hit,lsu rna bryozoa
>,555,_,SRR11096631_2_val_2,GGAGTGAATTTCTAAGTCGATTCCCAGTTTTGTGTCATAAGTTCCAAGTC,11071,0.15111049355982117,No Hit,-
>,556,_,SRR11096631_2_val_2,AAAATTACCATAACAACAACAAAATTAACTTCAATGTGTTTAGTCTTTTA,10758,0.14683828829523587,No Hit,-
>,557,_,SRR11096631_2_val_2,ATTAACTTCAATGTGTTTAGTTTTTTAGGAGTGAATTTCTAAGTCGATTC,8186,0.11173249934790862,No Hit,-
>,558,_,SRR11096631_2_val_2,AGGAGTGAATTTCTAAGTCGATTCCCAGTTTTGTGTCATAAGTTCCAAGT,7901,0.10784247219005935,No Hit,-
>,559,_,SRR11096632_1_val_1,ACGACCTCAGATCGGACGCGACTACCCGCTGAACTTAAGCATATCAGTA,155664,1.7293824821144717,No Hit,-
>,560,_,SRR11096632_1_val_1,ACGAGTAGGAGGGCGTGTCGGTGGCGCTGAAGCGTAGTGCGCGAGCACGC,141831,1.5757018117276804,No Hit,lsu rna bryozoa
>,561,_,SRR11096632_1_val_1,TCAGATCGGACGCGACTACCCGCTGAACTTAAGCATATCAGTAAGCGGAG,116382,1.2929707063511569,No Hit,lsu rna bryozoa
>,562,_,SRR11096632_1_val_1,CTAAATACCTAGTGCGAGACCGATAGCAAACAAGTACCGTGAGGGAAAGT,65950,0.7326856222084067,No Hit,lsu rna bryozoa
>,563,_,SRR11096632_1_val_1,TGGCGTTGACGGATAACAGAGAATCTGGGTTCGATTCTGGAGAGGCCGCA,65149,0.7237867414898481,No Hit,ssu rna bryozoa
>,564,_,SRR11096632_1_val_1,AAGGGAACGGGCTTGGCAAATACAGCGGGGAAAGAAGACCCTGTTGAGCT,44151,0.49050497204129434,No Hit,lsu rna
>,565,_,SRR11096632_1_val_1,TAGTGCGAGACCGATAGCAAACAAGTACCGTGAGGGAAAGTTGCAAAGAA,42118,0.46791892397533996,No Hit,lsu rna bryozoa
>,566,_,SRR11096632_1_val_1,CGAGTAATTGCCGCCGATCGCACGGCCACAGCGCCGGCGACGCCTGCACT,40853,0.453865136073996,No Hit,ssu rna bryozoa
>,567,_,SRR11096632_1_val_1,TCCGTGGGCGGCCGTGGCTTTCGCCGGCGTCGGCTCTCGGGTCGGCGTCG,37194,0.41321469344078054,No Hit,lsu rna bryozoa
>,568,_,SRR11096632_1_val_1,AAAGTGGGTGGTAAGCTCCATCTAAGGCTAAATACCTAGTGCGAGACCGA,34179,0.3797189064664311,No Hit,lsu rna bryozoa
>,569,_,SRR11096632_1_val_1,CGCGTCGGTAGGACTGGACGCGCCTCGCGCGTTCGGACCGCCGCCGGCGT,30922,0.3435345687631289,No Hit,-
>,570,_,SRR11096632_1_val_1,TGACCGTAAACGATGCCGACTGGCAATTGGGCGCACTTCTGTCGAAGTTGCCGCCAGCAGTATTGCCC,28888,0.32093741098341855,No Hit,ssu rna bryozoa
>,571,_,SRR11096632_1_val_1,CTGCCGTTCATCGCGGAGTCGGGTTGCTTGAGAGTGCAGCCCAAAGTGGG,27788,0.3087167258518151,No Hit,28s rna bryozoa
>,572,_,SRR11096632_1_val_1,CAAGGGAACGGGCTTGGCAAATACAGCGGGGAAAGAAGACCCTGTTGAGC,27200,0.3021842141632852,No Hit,lsu rna
>,573,_,SRR11096632_1_val_1,AATCCGCAGCAGGTCTCCAAGGTGAACAGCCTCTGGTCGATAGAACAATG,25525,0.28357544362198,No Hit,lsu rna
>,574,_,SRR11096632_1_val_1,CATGCAACAAGGCTCCGACCCTGCCTTCGGGCGGGGGAAGGGCGCACTTA,24681,0.27419884521191334,No Hit,ssu rna bryozoa
>,575,_,SRR11096632_1_val_1,TATGGCTATTACTAATAAGAAATGCTGGAAAGAGACTTGGAACTTATGAC,23200,0.25774535913927266,No Hit,-
>,576,_,SRR11096632_1_val_1,AACAATGTAGGTAAGGGAAGTCGGCAAATCCGATCCGTAACTTCGGGATA,22672,0.25187943027610304,No Hit,lsu rna bryozoa
>,577,_,SRR11096632_1_val_1,AGGGAGGCAGTGTGATTTTCACTCCAGGCCGTACCCGAATCCGCAGCAGG,22634,0.25145726115337497,No Hit,lsu rna
>,578,_,SRR11096632_1_val_1,TATGGCTACTACTAATAAGAAAATGCTGGAAAGAGACTCTGAACTTATGA,22207,0.24671341337956157,No Hit,-
>,579,_,SRR11096632_1_val_1,ACAGACAGGTTGAGAGCTCTTTCTCGATTCAGTGGTTGGTGGTGCATGGCCGTTCTTAGTTCG,21780,0.24196956560574825,No Hit,ssu rna 
>,580,_,SRR11096632_1_val_1,AAAGAAGACCCTGTTGAGCTTGACTCTAGTTTGACATTGTGAAGAGACAC,21170,0.23519264021458633,No Hit,lsu rna bryozoa
>,581,_,SRR11096632_1_val_1,ACAGGTTGAGAGCTCTTTCTCGATTCAGTGGTTGGTGGTGCATGGCCGTTCTTAGTTCG,20471,0.22742695029914015,No Hit,ssu rna
>,582,_,SRR11096632_1_val_1,TTACGACTGCCCAGAGCTTGGGGCGTGAGGTGTCAGAAAAGTTACCACAG,19275,0.2141397326469604,No Hit,lsu rna
>,583,_,SRR11096632_1_val_1,ACCTCAGATCGGACGCGACTACCCGCTGAACTTAAGCATATCAGTAAGCG,17398,0.19328679992694253,No Hit,lsu rna
>,584,_,SRR11096632_1_val_1,CCGATGCGATCGAAAGGGAATCGGGTTAATATTCCCGAACCTGGTGGTGG,17081,0.18976502066628953,No Hit,lsu rna bryozoa
>,585,_,SRR11096632_1_val_1,CACATGAGCTCCCAAGATACGGTTTAAAGGTCGGGTTGACCAACTATGCC,17002,0.18888735327956527,No Hit,-
>,586,_,SRR11096632_1_val_1,CACGTTCACCTTGAAGAAATTGAACCGCTTAGAGGGGGCGAGCAGCTTGA,16195,0.17992181427847073,No Hit,ssu rna
>,587,_,SRR11096632_1_val_1,CCCGATGCGATCGAAAGGGAATCGGGTTAATATTCCCGAACCTGGTGGTG,14962,0.1662235372173189,No Hit,lsu rna bryozoa
>,588,_,SRR11096632_1_val_1,TGTCAGAAAAGTTACCACAGGGATAACTGGCTTGTGGCAGCCAAGCGTTC,14690,0.16320169507568605,No Hit,lsu rna
>,589,_,SRR11096632_1_val_1,ATTGGCTCTGAGGTGCGGGCTGCTTCGGGTCGCGGCAAGAAGCGGACCG,14318,0.1590688815584529,No Hit,lsu rna
>,590,_,SRR11096632_1_val_1,ATTGGCTCTGAGGTGCGGGCTGCTTCGGGTCGCGGCAAGAAGCGGACCGC,14113,0.15679139023847222,No Hit,lsu rna
>,591,_,SRR11096632_1_val_1,TATCGATCCTTACGACTGCCCAGAGCTTGGGGCGTGAGGTGTCAGAAAAG,14062,0.15622479483691606,No Hit,lsu rna
>,592,_,SRR11096632_1_val_1,CCGTGGCCTGCCGTTCATCGCGGAGTCGGGTTGCTTGAGAGTGCAGCCCA,13391,0.14877017690663796,No Hit,28s rna bryozoa
>,593,_,SRR11096632_1_val_1,ACGGAACTGGGCGAGTTCGTCGCCGCCATTCAGCCGCCTTCCTCCGGGGA,13167,0.14628160102529325,No Hit,lsu rna
>,594,_,SRR11096632_1_val_1,TGACGTGCAAATCGGTCGTCAAACTTGAGCATAGGGGCGAAAGACTAATC,12284,0.1364717237787425,No Hit,lsu rna
>,595,_,SRR11096632_1_val_1,TTTTGGTAAGCAGAACTGGCGCTGTGGGATGAACCAAACGTGCGGTTAGG,12085,0.13426089074129788,No Hit,-
>,596,_,SRR11096632_1_val_1,ACGTACTAATTGGAACCTCATTTCTAGCTGTTTGTTTAGCCCGTCATATA,11364,0.1262507871232196,No Hit,-
>,597,_,SRR11096632_1_val_1,TGGAGCGATCTGTCTGGTTAATTCCGATAACGAACGAGATTCTTGCCTGC,11316,0.12571752086293148,No Hit,-
>,598,_,SRR11096632_1_val_1,AAATGAGAACTTTGTAGACCGAAGTGGAGAAGGGTTCCATGTGAACAGCA,11175,0.12415105122333503,No Hit,lsu rna bryozoa
>,599,_,SRR11096632_1_val_1,CACGACCTCAGATCGGACGCGACTACCCGCTGAACTTAAGCATATC,10172,0.11300800832606388,No Hit,-
>,600,_,SRR11096632_1_val_1,CGTGGCTTTCGCCGGCGTCGGCTCTCGGGTCGGCGTCGGCTTCGTTCGGC,10146,0.1127191557684078,No Hit,lsu rna
>,601,_,SRR11096632_1_val_1,TATTCACCGGTCTAACTTTAAACACATACATTGCCAAAGCCCATTTCTAT,10079,0.11197480494675557,No Hit,COI bryozoa
>,602,_,SRR11096632_1_val_1,GCAGCAGGTCTCCAAGGTGAACAGCCTCTGGTCGATAGAACAATGTAGGT,9917,0.11017503131828309,No Hit,ssu rna
>,603,_,SRR11096632_1_val_1,CAGGTTGAGAGCTCTTTCTCGATTCAGTGGTTGGTGGTGCATGGCCGTTCTTAGTTCG,9588,0.10651993549255805,No Hit,ssu rna
>,604,_,SRR11096632_1_val_1,CTAGTCTCGGTCATAGTGGACCATCAGTTGATTTAGCAATTTTCTCCTTA,9423,0.10468683272281754,No Hit,COI bryozoa
>,605,_,SRR11096632_1_val_1,TTGAAGAAATTGAACCGCTTAGAGGGGGCGAGCAGCTTGAACAGCTCAGC,9375,0.10415356646252938,No Hit,lsu rna
>,606,_,SRR11096632_1_val_1,GGCCCGCGTGGTCGTTCGGCATTCTGGCGTTGCAAGCCGTGCACGGCACC,9324,0.10358697106097321,No Hit,lsu rna
>,607,_,SRR11096632_1_val_1,TGGCGTTGACGGATAACAGAGAATCTGGGTTCGATTCTGGAGAGGCCGCATGAGAAACGGCGACC,9130,0.10143168659230861,No Hit,ssu rna bryozoa
>,608,_,SRR11096632_2_val_2,CGTCGCGGCAAGCCGCCACCGAAACGCCACATTGCACTGCGACCGGAGGC,154643,1.7180394643695924,No Hit,28S rna bryozoa
>,609,_,SRR11096632_2_val_2,ACAAAGTTCTCATTTGTATACTTGCTACTACCACCAAGATCTGCACTGAA,136385,1.5151983106124873,No Hit,lsu rna bryozoa
>,610,_,SRR11096632_2_val_2,CGCCGCGTGGAGGAGGATCACAGCAACACCGAGCTGGGCATCGTGGAGTA,113243,1.258097314871063,No Hit,-
>,611,_,SRR11096632_2_val_2,CGGTCCGCTTCTTGCCGCGACCCGAAGCAGCCCGCACCTCAGAGCCAATC,88211,0.9799989601307924,No Hit,lsu rna bryozoa
>,612,_,SRR11096632_2_val_2,CGTCGACAGCATGATAGATCAGAAACTCAGTGCAGGCGTCGCCGGCGCTG,69161,0.7683589130789328,No Hit,ssu rna bryozoa
>,613,_,SRR11096632_2_val_2,GCAAGCCGCCACCGAAACGCCACATTGCACTGCGACCGGAGGCCGCGGGC,67930,0.7546828554452929,No Hit,28S rna bryozoa
>,614,_,SRR11096632_2_val_2,GGAAGAGCCGACATCGAAGGATCAAAAAGCAACGTCGCTATGAACGCTTG,52649,0.584915319539809,No Hit,lsu rna bryozoa
>,615,_,SRR11096632_2_val_2,CCGTTTGCCTCTGAACGGTTTCACGTACTCTTGAACTCTCTTTTCAAAGT,47172,0.5240674172981798,No Hit,lsu rna
>,616,_,SRR11096632_2_val_2,GCTCGCCTTCCGTCTTACTGAATAAGTAAAGAAACTACGGAAGTAGTGGT,39304,0.4366561894659472,No Hit,ssu rna
>,617,_,SRR11096632_2_val_2,CGCACGCCGGCGGCGGTCCGAACGCGCGAGGCGCGTCCAGTCCTACCGAC,32651,0.3627432638472583,No Hit,lsu rna bryozoa
>,618,_,SRR11096632_2_val_2,CGGTTTTTCAAGGGCCAACGCCGATGCACCGGACGCCGCGTGAGGCGCGA,31735,0.35256676604675946,No Hit,lsu rna bryozoa
>,619,_,SRR11096632_2_val_2,GGTATTGTTCGTCACTACCTCTCGGTGTCCGAAGTGGGTAATTTGCGTGC,29855,0.33168050418547357,No Hit,ssu rna bryozoa
>,620,_,SRR11096632_2_val_2,GGGCAATACTGCTGGCGGCAACTTCGACAGAAGTGCGCCCAATTGCCAGTCGGCATCGTTTACGGTCA,28873,0.3207707652770785,No Hit,lsu rna
>,621,_,SRR11096632_2_val_2,TATTAGCACCGGAGTTACCGCACGTTATCCACGGGTGAGTCTGGCCCCAG,26746,0.2971404041180598,No Hit,ssu rna bryozoa
>,622,_,SRR11096632_2_val_2,AGTGCACCGTCTCCCCGGAGGAAGGCGGCTGAATGGCGGCGACGAACTCG,26263,0.29177441237391033,No Hit,-
>,623,_,SRR11096632_2_val_2,CCCAGAGTCCGTGCCAGTTCTGTGCTGTGCGTTTAGGCCGAACGAAGCCG,25747,0.2860418000758127,No Hit,lsu rna bryozoa
>,624,_,SRR11096632_2_val_2,ACAAAAATTACCATAACAACAACAAAATTAACTTCAATGTGTTTAGTTTT,25422,0.28243114310511164,No Hit,-
>,625,_,SRR11096632_2_val_2,TACTGAATAAGTAAAGAAACTACGGAAGTAGTGGTATTTCATTGTCGACG,24335,0.2703548842523363,No Hit,lsu rna
>,626,_,SRR11096632_2_val_2,CGAACTAAGAACGGCCATGCACCACCAACCACTGAATCGAGAAAGAGCTCTCAACCTGTCTGT,21788,0.2420584433157963,No Hit,ssu rna
>,627,_,SRR11096632_2_val_2,TGTTCCCAGAGTCCGTGCCAGTTCTGTGCTGTGCGTTTAGGCCGAACGAA,21360,0.23730348582822694,No Hit,lsu rna bryozoa
>,628,_,SRR11096632_2_val_2,CGAACTAAGAACGGCCATGCACCACCAACCACTGAATCGAGAAAGAGCTCTCAACCTGT,20545,0.2282490691170844,No Hit,ssu rna
>,629,_,SRR11096632_2_val_2,TGGCGGCGACGAACTCGCCCAGTTCCGTCCGTTTGCCTCTGAACGGTTTC,18923,0.2102291134048473,No Hit,lsu rna
>,630,_,SRR11096632_2_val_2,GCGATGCTTTGTTTTAATTAGACAGTCGTGTTCCCAGAGTCCGTGCCAGT,18761,0.2084293397763748,No Hit,lsu rna bryozoa
>,631,_,SRR11096632_2_val_2,GGCGGCGACGAACTCGCCCAGTTCCGTCCGTTTGCCTCTGAACGGTTTCA,18104,0.20113025783868071,No Hit,lsu rna
>,632,_,SRR11096632_2_val_2,CGTCTTACTGAATAAGTAAAGAAACTACGGAAGTAGTGGTATTTCATTGT,17055,0.18947616810863344,No Hit,lsu rna
>,633,_,SRR11096632_2_val_2,CGCACCTCAGAGCCAATCCTTATCCCGAAGTTACGGATCGGATTTGCCGA,16017,0.1779442852299022,No Hit,lsu rna
>,634,_,SRR11096632_2_val_2,GAACGGTTTCACGTACTCTTGAACTCTCTTTTCAAAGTTCTTTGCAACTT,15715,0.17458915167558925,No Hit,lsu rna bryozoa
>,635,_,SRR11096632_2_val_2,CCTCTCGTACTAGGCAGGATTACCAGCGTAATGACATGTTTACAGTAGGG,15508,0.17228944092809662,No Hit,lsu rna bryozoa
>,636,_,SRR11096632_2_val_2,ACAAAAATTACCATAACAACAACAAAATTAACTTCAATGTGTTTAGTCTT,15270,0.16964532905416785,No Hit,-
>,637,_,SRR11096632_2_val_2,GGGCAATACTGCTGGCGGCAACTTCGACAGAAGTGCGCCCAATTGCCAGT,14599,0.16219071112388975,No Hit,ssu rna bryozoa
>,638,_,SRR11096632_2_val_2,CGGTCCGCTTCTTGCCGCGACCCGAAGCAGCCCGCACCTCAGAGCCAAT,14330,0.1592021981235249,No Hit,lsu rna
>,639,_,SRR11096632_2_val_2,CCGGAGTTACCGCACGTTATCCACGGGTGAGTCTGGCCCCAGTGGATTCA,12908,0.14340418516248846,No Hit,ssu rna bryozoa
>,640,_,SRR11096632_2_val_2,AGAAACTACGGAAGTAGTGGTATTTCATTGTCGACGCCGAGGCGCCTCCC,12381,0.1375493660130748,No Hit,lsu rna
>,641,_,SRR11096632_2_val_2,GAACTCTCTTTTCAAAGTTCTTTGCAACTTTCCCTCACGGTACTTGTTTG,12182,0.13533853297563017,No Hit,ssu rna
>,642,_,SRR11096632_2_val_2,CTTAGGGCCGACTGACCCATGTCCAACTGCTGTTCACATGGAACCCTTCT,11916,0.13238334911653335,No Hit,lsu rna bryozoa
>,643,_,SRR11096632_2_val_2,ATTAATTAGTAACAAAAATTACCATAACAACAACAAAATTAACTTCAATG,11849,0.13163899829488113,No Hit,-
>,644,_,SRR11096632_2_val_2,GCCTGCTGCCTTCCTTAGAAGTGGTCGCCGTTTCTCATGCGGCCTCTCCA,11454,0.1272506613612599,No Hit,lsu rna
>,645,_,SRR11096632_2_val_2,GGATTACCAGCGTAATGACATGTTTACAGTAGGGTAAAACTAACCTGTCT,11443,0.12712845450994387,No Hit,lsu rna
>,646,_,SRR11096632_2_val_2,CGGACGATCCTTGAATTTCACCTCTCCCGTCCGAGTACTAATGCCCCCGG,11376,0.12638410368829164,No Hit,ssu rna
>,647,_,SRR11096632_2_val_2,GCTTAGCCCCGTTACATCTTCCGCGCAGGCCGACTCGACTAGTGAGCTAT,11092,0.12322894498158676,No Hit,-
>,648,_,SRR11096632_2_val_2,GGCTTCTGACGACCCGACAGGCGGTCGTCGCGCTCCGCCGCCGCCAAGTG,10869,0.12075147881399806,No Hit,lsu rna
>,649,_,SRR11096632_2_val_2,CGTTATCGGAATTAACCAGACAGATCGCTCCACGAACTAAGAACGGCCAT,10500,0.11665199443803291,No Hit,ssu rna
>,650,_,SRR11096632_2_val_2,GATATGCTTAAGTTCAGCGGGTAGTCGCGTCCGATCTGAGGTCGTG,10193,0.11324131231493995,No Hit,-
>,651,_,SRR11096632_2_val_2,CAAATCCTAGATGATGTGTGGATGTGAAGTGATTATTTATATGACGGGCT,10112,0.11234142550070368,No Hit,-
>,652,_,SRR11096632_2_val_2,CGAACTAAGAACGGCCATGCACCACCAACCACTGAATCGAGAAAGAGCTCTCAACCTG,9602,0.1066754714851421,No Hit,ssu rna
>,653,_,SRR11096632_2_val_2,CGGCGCTGGGCTTCTCCCCTTTCACTCGCCGCTACTCGGGGAATCCTAGT,9185,0.10204272084888878,No Hit,lsu rna
>,654,_,SRR11096632_2_val_2,GGTCGCCGTTTCTCATGCGGCCTCTCCAGAATCGAACCCAGATTCTCTGTTATCCGTCAACGCCA,9131,0.10144279630606462,No Hit,ssu